CID,name
N00027415,David Brownlow
N00028923,Patrick McGonegal
N00028924,Jim McCoy
N00028925,WilliamToddLong
N00028926,William Satterwhite
N00028927,Peter Kuhnert
N00028928,Bennie Kyle
N00028929,Rob Hubler
N00028930,Emperor Caesar
N00028931,Ole' Savior
N00028932,Tony Vintinner
N00028933,Thomas Vilsack
N00028934,EdwardAllanBuck
N00005244,Sam Brownback
N00028936,Michael Beardsley
N00028937,Toney
N00028938,Vincent Martinez
N00026020,Eleanor Garcia
N00025687,BrianRussellBrown
N00026413,John Borling
N00009301,Laura Garza
N00006692,Barbara Boxer
N00003762,Evan Bayh
N00013857,Barry Finegold
N00000429,DeborahArnieArnesen
N00009855,Temperance Lance-Council
N00028951,Michael Todd
N00028952,Loren Collins
N00004495,Dick Franson
N00028945,Ned Lauver
N00028946,Vernon Jones
N00028947,MichaelPaulJingozian
N00028948,JohnTaylorBowles
N00028949,Deshon Pocter
N00028950,Joe Honeychurch
N00026411,Piotr Blass
N00009638,Barack Obama
N00001557,Stephen Freind
N00028968,JosephFelixLeonaitis
N00028982,WalterDonaldKennedy
N00003042,Bud Cramer
N00026293,Jamie Metzl
N00026297,Nancy Thompson
N00026301,Tami Mars
N00026305,Sue Helm
N00026340,Lisa Quigley
N00009570,Artur Davis
N00026824,Albert Turner
N00027188,James Clymer
N00012539,Mark Kirk
N00012560,Jon Porter
N00012601,Ron Unz
N00012605,James Treffinger
N00007017,Darrell Issa
N00002962,James King
N00004645,Denny Rehberg
N00000910,Abraham Hirschfeld
N00000854,William Gormley
N00007836,Maria Cantwell
N00012607,Rod Martin
N00012611,Mike Honda
N00012613,Jerry Doyle
N00012615,RodolfoGomezFavila
N00012616,Martin Collen
N00012618,Bill Morrow
N00027502,Thomas Kean
N00012669,Corrogan Vaughn
N00012672,Steve Pearce
N00012739,Ander Crenshaw
N00012772,John Kelly
N00012774,Felix Grucci
N00012781,Jack Machek
N00012787,William Bernstein
N00012796,Mike Garza
N00012803,Alfonzo Jones
N00012840,Vernon Van
N00012878,James Donovan
N00012903,Philip Giordano
N00012933,Roger Thoney
N00012941,ChristopherBrienColeman
N00012942,Betty McCollum
N00012950,Geoffrey Yoste
N00012968,Sam Neill
N00012970,Tom Osborne
N00013002,EricDeanTroutt
N00013078,JoAnnDavis
N00013101,Steven(Steve)Novak
N00013114,Walter McCaffrey
N00013131,Eric Cantor
N00013140,Johnny Swanson
N00013142,Jack Robinson
N00007779,Brian Boquist
N00026158,Bev Kilmer
N00026165,Joan Barry
N00026169,John Fleming
N00026173,Kate Hanley
N00026181,Charles Berry
N00025139,James Snyder
N00026112,Lanakila Washington
N00026253,Steven Rauschenberger
N00026261,BrianDouglasPaasch
N00026267,Robb Rourke
N00024757,Richter Elser
N00024759,Mike Rogers
N00024766,William Sinnott
N00024770,Mike Michaud
N00024773,Stephanie Herseth
N00024777,Ginny Brown-Waite
N00024780,Jeffrey Ballenger
N00024782,Michael Cloud
N00026275,Mark Risley
N00026277,Brett Wagner
N00026279,Reza Torchizy
N00026281,Rick Bell
N00026283,Joanna Conti
N00026285,PatrickJohnMcNamara
N00026289,Kris Kobach
N00026295,Jack Flynn
N00026299,Edward Herman
N00026303,Joseph Torsella
N00026338,DaleWilliamMorfey
N00026342,Ruben Garcia
N00026221,David Gill
N00026393,Richard Morrison
N00026598,DavidOmarStowell
N00026885,Dave Reichert
N00027252,MatthewAngusWilliams
N00001109,Al Sharpton
N00024842,Joe Courtney
N00027493,Michele Bachmann
N00009714,Matthew Mangino
N00027414,TyramHunterPettit
N00002556,Mac Collins
N00024857,John Courage
N00027616,Robin Carnahan
N00027618,Steve Kagen
N00027620,HerbertRayRubenstein
N00012577,Curtis Clinesmith
N00013743,LeoJamesTerrell
N00025431,Jim Condit
N00027631,Steve Young
N00027633,BrianChavez-O'Choa
N00027634,Steve Filson
N00027635,Frank Amador
N00027636,Marilyn Brewer
N00027637,Kathy McCarrell
N00027638,Jeeni Criscenzo
N00027639,Mark Wyland
N00027640,Jim Hester
N00027641,KarenMarieOtter
N00027642,Jay Fawcett
N00027643,Andy Michaud
N00027644,Bill Sali
N00027645,LindBraswellScott
N00027646,Zane Smith
N00027647,ThomasEldonHayhurst
N00009571,Mike Ross
N00012508,Tom Carper
N00012526,John Graham
N00024855,CecilPopeStaton
N00028631,Brian Moore
N00026106,DebbieWassermanSchultz
N00026142,Jerry Brooks
N00026249,Charles Caston
N00026336,CarlAllenCole
N00026776,Elizabeth Rogers
N00027002,Tim Sultan
N00027457,JohnBernardGlassie
N00012890,Timothy Johnson
N00012586,Chris Chocola
N00026187,Wesley Clark
N00026250,Kenneth Hill
N00026272,Jan Judy
N00026337,Marvin Parks
N00026427,Ro Khanna
N00006436,Stan Barnes
N00026777,RoselynRuthO'Connell
N00026917,Bill Fuller
N00027236,Theresa Gerratana
N00027308,MarcJosephMillican
N00013151,Stephanie Sanchez
N00013155,RussellRossFrancis
N00013156,Bob Simpson
N00013186,SharonWandaDeming
N00013208,Derek Smith
N00013231,Cathie Hartnett
N00013247,David Bishop
N00013258,Sandy Hume
N00013262,JoyceMarieGriggs
N00013263,Don Smart
N00013269,Mike Gabbard
N00013288,ArthurJosephRegan
N00013291,Mark Dayton
N00013294,JohnStanleyCarroll
N00013323,Sam Graves
N00013334,MarthaFullerClark
N00013345,Steve Israel
N00013401,Charles Laurie
N00013406,Robert Lemen
N00013408,Bob Bevill
N00013436,Zell Miller
N00000616,Joe Lieberman
N00013581,John Barker
N00013620,Joseph Fortunato
N00006700,Mervin Evans
N00013738,Kevin Murray
N00017637,JamesIrvinGlover
N00000245,John Kerry
N00018928,Kevin Johns
N00026161,Roger Hines
N00026163,Lynn Westmoreland
N00022029,John Reiger
N00026167,Jay Helvey
N00026171,Charlie Dent
N00026175,Richard Snuffer
N00026183,Tom Ravenel
N00026184,James Stewart
N00026190,Jason Pacifico
N00008166,George Nethercutt
N00026263,JedJosephFrench
N00024756,Winston Wilkinson
N00026287,Jeremy Alexander
N00009572,Bruce Harris
N00007099,Ken Calvert
N00006825,Peter Mathews
N00006983,Duncan Hunter
N00006701,Mark Takano
N00012505,DavidWayneWatkins
N00012518,ThomasPurcellLiddy
N00024823,Daniel Blue
N00024947,John Swallow
N00026050,Lisa Murkowski
N00026119,Charlie Rodriguez
N00026157,Jim Brandt
N00026271,Steve Novick
N00026492,Paul Babbitt
N00002763,Tom Wells
N00007632,EniHFaleomavaega
N00009573,Jeff Flake
N00007422,Ellen Tauscher
N00007447,Joe Nation
N00007507,George Radanovich
N00006882,Buck Mckeon
N00006770,Mel Levine
N00009774,Xavier Becerra
N00009575,GenePaulScharer
N00007584,Wally Herger
N00007397,Pete Stark
N00007458,Lynn Woolsey
N00007516,Richard Pombo
N00007286,Phillip Wyman
N00008094,Howard Berman
N00006750,Jane Harman
N00006671,Lucille Roybal-Allard
N00009111,Walter Tucker
N00006953,Jay Kim
N00007009,Ron Packard
N00008936,Jerry Beck
N00026046,AmandaLouHardy
N00009576,MaryJudgeRyan
N00008188,Vic Snyder
N00006498,ThomasJohnVolgy
N00009578,Lawrence Wiesner
N00007382,Tom Lantos
N00007999,Don Young
N00003032,Ronnie Flippo
N00005483,Thomas Donaldson
N00008190,Asa Hutchinson
N00006473,Bob Stump
N00007390,George Miller
N00007556,John Doolittle
N00006242,Barbara Cubin
N00003028,Robert Aderholt
N00005455,Marion Berry
N00006887,TimothyCharlesKalemkarian
N00003728,Frank Cremeans
N00003545,Steve LaTourette
N00002045,Tom Davis
N00007834,Rick White
N00004330,Jerry Kleczka
N00009584,Michael Case
N00000183,Tom Tierney
N00027445,TimothyJohnRobb
N00001143,Gary Ackerman
N00001020,Sue Kelly
N00003682,Rob Portman
N00003532,Bob Ney
N00005559,Frank Lucas
N00000133,Donna Christian-Christensen
N00004354,Jeffrey Thomas
N00009585,Adam Schiff
N00002214,Alan Mollohan
N00007635,AmataColemanRadewagen
N00006423,Trent Franks
N00007479,Zoe Lofgren
N00004227,Tom Latham
N00004884,Danny Davis
N00004758,Steve Denari
N00003813,Pete Visclosky
N00003897,John Hostettler
N00003467,Ed Whitfield
N00000179,James McGovern
N00000226,John Tierney
N00000834,Jim Saxton
N00000933,Charles Millard
N00001025,Joseph Dioguardi
N00009586,Hilda Solis
N00007823,Jennifer Dunn
N00003091,Sonny Callahan
N00006425,John Shadegg
N00006455,D Hayworth
N00007312,Sam Farr
N00004816,Rod Blagojevich
N00004745,Jerry Weller
N00004933,Ray LaHood
N00003844,Mark Souder
N00008144,Todd Tiahrt
N00003476,Ron Lewis
N00009588,Gerrie Schipske
N00004440,Bill Luther
N00001150,David Levy
N00001074,Major Owens
N00000939,Jerrold Nadler
N00001276,John McHugh
N00001222,Maurice Hinchey
N00003736,Michael Oxley
N00009778,John Kasich
N00003504,Deborah Pryce
N00001746,Chaka Fattah
N00001519,James Greenwood
N00009157,Doc Hastings
N00007050,Randy Cunningham
N00004155,Peter Hoekstra
N00004087,Jim Barcia
N00003950,Sander Levin
N00004558,Collin Peterson
N00001082,Edolphus Towns
N00000078,Carolyn Maloney
N00001279,Randall Terry
N00001267,Sherwood Boehlert
N00001290,Jack Quinn
N00003522,Marcy Kaptur
N00003535,Sherrod Brown
N00005551,Ernest Istook
N00001469,Tim Holden
N00002171,Rick Boucher
N00001725,Jay Inslee
N00009603,WadeRowlandSanders
N00009604,Susan Davis
N00002674,Sanford Bishop
N00000205,Marty Meehan
N00001821,Steny Hoyer
N00002017,Roscoe Bartlett
N00000574,Miles Rapoport
N00007021,Juan Vargas
N00006213,Scott McInnis
N00009775,Michael Castle
N00002718,Tillie Fowler
N00002982,Michael Bilirakis
N00002856,Carrie Meek
N00002884,Alcee Hastings
N00000585,Sam Gejdenson
N00006397,Ed Pastor
N00007033,Bob Filner
N00000561,Nancy Johnson
N00002713,Corrine Brown
N00002793,John Mica
N00002839,Peter Deutsch
N00002872,Lincoln Diaz-Balart
N00002656,Jack Kingston
N00000143,John Olver
N00000280,Bill Delahunt
N00001849,Albert Wynn
N00004196,Bart Stupak
N00004113,Nick Smith
N00004045,Joe Knollenberg
N00009608,Rob Simmons
N00007084,Bob Conaway
N00008274,Loretta Sanchez
N00006134,Diana DeGette
N00002743,Allen Boyd
N00005645,Ralph Hall
N00009738,John Culberson
N00009752,Phil Sudan
N00002083,Jim Moran
N00009761,Jeff Morris
N00009771,ShelleyMooreCapito
N00008091,Spencer Bachus
N00006486,Jim Kolbe
N00000615,Rosa DeLauro
N00005656,Joe Barton
N00006052,Mac Thornberry
N00005892,Tom DeLay
N00007231,Elton Gallegly
N00006897,Brad Sherman
N00011971,Dan Lungren
N00008264,Ed Royce
N00007089,Joe Baca
N00006118,Patricia Schroeder
N00000048,Joel Hefley
N00002926,Jim Davis
N00009736,JohnMarkBrewer
N00009742,Paul Williams
N00009753,Jim Matheson
N00009759,Rick Larsen
N00004426,Tom Petri
N00003083,Terry Everett
N00003008,Earl Hilliard
N00009086,Gary Franks
N00003264,Lincoln Davis
N00006023,Lloyd Doggett
N00005818,SheilaJacksonLee
N00005835,PaulMichaelColbert
N00001861,Henry Waxman
N00007140,Robert Dornan
N00006811,Juanita Millender-McDonald
N00001692,EleanorHolmesNorton
N00002327,Sue Myrick
N00001529,Joseph Hoeffel
N00001427,Phil English
N00002424,Mark Sanford
N00003126,Bart Gordon
N00009890,KeithRussellJudd
N00006267,Mike Crapo
N00004166,Vernon Ehlers
N00004527,Gil Gutknecht
N00008032,Kenny Hulshof
N00003288,Bennie Thompson
N00004690,Peter Fitzgerald
N00000459,Charles Summers
N00003962,Lynn Rivers
N00005119,Karen McCarthy
N00003280,Roger Wicker
N00002247,Howard Coble
N00001535,Curt Weldon
N00001373,Mike Doyle
N00000360,Patrick Kennedy
N00002401,Gary McLeod
N00004758,Steve Denari
N00008028,Sam Johnson
N00005985,Henry Bonilla
N00005998,Solomon Ortiz
N00009154,Bob Goodlatte
N00006690,Maxine Waters
N00007498,JerryLeonCarroll
N00000637,Jim Maloney
N00002776,Richard Grayson
N00002898,Mark Foley
N00002630,Charles Norwood
N00003762,Evan Bayh
N00003159,Zach Wamp
N00008122,EddieBerniceJohnson
N00005681,Pete Sessions
N00005653,Stephen Masterson
N00005870,Gene Green
N00007279,MichaelBrianStoker
N00006981,Brian Bilbray
N00002754,Joe Scarborough
N00002807,Dave Weldon
N00002519,George Darden
N00003437,Jim Bunning
N00003195,David Dunaway
N00002685,Saxby Chambliss
N00002511,Cynthia McKinney
N00004237,Dave Nagle
N00004856,Bill Lipinski
N00004939,Thomas Ewing
N00004961,John Shimkus
N00027479,Charles Pineda
N00000010,Dan Burton
N00003338,Shawn O'Hara
N00002328,Melvin Watt
N00000851,Frank LoBiondo
N00000699,Robert Menendez
N00001193,Pete King
N00002408,James Clyburn
N00002492,John Spratt
N00011046,Bill Janklow
N00003105,Marsha Blackburn
N00003383,StephenLewisHenry
N00000267,Michael Capuano
N00004007,Barbara-Rose Collins
N00004436,John Kline
N00001127,Joseph Crowley
N00001110,Anthony Weiner
N00000983,Vito Fossella
N00001024,Nita Lowey
N00009821,John Sweeney
N00003681,Mildred(Millie)Howard
N00009692,Una Clarke
N00003725,Dave Hobson
N00009699,Patrick Tiberi
N00001624,Joseph McColgan
N00001509,Paul Kanjorski
N00009719,Todd Platts
N00009724,Jim Langevin
N00005399,Woody Jenkins
N00002198,Nick Rahall
N00007419,Mike Thompson
N00007581,Doug Ose
N00007360,Nancy Pelosi
N00008046,Barbara Lee
N00007378,Chris Haugen
N00007256,Bill Thomas
N00007232,Lois Capps
N00006932,David Dreier
N00027480,Bruce Stevens
N00004956,Jerry Costello
N00003765,Mike Pence
N00005233,Dennis Moore
N00005414,Jim McCrery
N00000220,Paul McCarthy
N00001691,Carl Levin
N00007967,Thomas Foley
N00007918,Norm Dicks
N00004403,Ron Kind
N00004118,DeborahAnnStabenow
N00001422,John Peterson
N00001408,John Murtha
N00000326,John Matson
N00007936,Brian Baird
N00007962,Judy Olson
N00007833,Adam Smith
N00004394,David Obey
N00003098,Joe Turnham
N00007571,Robert Matsui
N00007590,RobertDeanKent
N00007582,Douglas Tuma
N00007335,Anna Eshoo
N00007470,Connor Vlakancic
N00007248,Devin Nunes
N00006789,Grace Napolitano
N00007087,Jerry Lewis
N00003796,Mark Leyva
N00003875,Baron Hill
N00003444,Ken Lucas
N00000153,Richard Neal
N00000243,Thomas Keane
N00002012,Wayne Gilchrest
N00004489,MartinOlavSabo
N00001171,Gregory Meeks
N00001068,Thomas Manton
N00001129,Melinda Katz
N00001003,Eliot Engel
N00001026,Paul Feiner
N00001214,Michael McNulty
N00001261,James Walsh
N00001295,Tom Reynolds
N00003689,Steve Chabot
N00003674,Charles Sanders
N00003660,Paul Gillmor
N00003561,StephanieTubbsJones
N00003585,Robert Saffold
N00003508,Edward Brown
N00009824,David Wu
N00001619,Robert Brady
N00001510,Don Sherwood
N00001542,Melissa Brown
N00009829,Jim McDermott
N00004367,Tammy Baldwin
N00004391,Mark Green
N00004357,Paul Ryan
N00004373,Ronnie Greer
N00004291,James Sensenbrenner
N00001754,Bob Dole
N00007498,JerryLeonCarroll
N00001879,GeorgeAlexanderMuzyk
N00007848,Maximus Englerius
N00007453,JamesJohnPrattas
N00002281,ThomasFrancisWinterbottom
N00006230,Al Hamburg
N00008072,George Bush
N00002362,Randolph Crow
N00002802,Clay Hill
N00009841,Gary Bauer
N00009842,Judith Anderson
N00009858,MatthewJonKlemmensen
N00009860,Warren Ashe
N00009866,Larry Reed
N00009869,Orrin Hatch
N00009870,YehannaJoanMMalone
N00009877,William Wallace
N00009884,Joe Schriner
N00007591,Kip Lee
N00002196,LowellJacksonFellure
N00000224,MichaelRossTunickStrauss
N00000086,Ralph Nader
N00027481,Gale Morgan
N00001678,Bill Clinton
N00001813,Jose Serrano
N00003675,John Boehner
N00027490,Les Miller
N00001569,Thomas Foglietta
N00009715,Melissa Hart
N00001371,William Coyne
N00009723,Jose Hernandez-Mayoral
N00002428,Henry Brown
N00002598,Tony Center
N00002610,Nathan Deal
N00027492,RichardScottReynolds
N00011875,Bill Gluba
N00004887,Bobby Rush
N00004874,Luis Gutierrez
N00004912,Lane Evans
N00003924,Steve Buyer
N00005122,Joyce Lea
N00002299,Walter Jones
N00008113,Earl Pomeroy
N00000684,Rodney Frelinghuysen
N00001102,Nydia Velazquez
N00000140,Carlos Romero-Barcelo
N00002460,Bob Inglis
N00001814,Robin Tallon
N00003328,Thad Cochran
N00004878,Jesse Jackson
N00004091,BruceAllenGidner
N00001681,Ronald Reagan
N00006887,TimothyCharlesKalemkarian
N00007140,Robert Dornan
N00002008,RichardFranklinColburn
N00009668,Mike Rogers
N00004093,AlanLeeCropsey
N00002260,David Price
N00003651,Ralph Regula
N00003572,Dennis Kucinich
N00007690,Greg Walden
N00007781,Peter DeFazio
N00027482,Leonard Padilla
N00003329,Trent Lott
N00000751,Bill Pascrell
N00000860,Rush Holt
N00006652,Jim Gibbons
N00001148,Carolyn McCarthy
N00000964,Charles Rangel
N00001305,John LaFalce
N00003218,Harold Ford
N00005724,Max Sandlin
N00005731,Jim Turner
N00005928,Nick Lampson
N00005331,Doug Bereuter
N00000781,Frank Pallone
N00000743,Scott Garrett
N00009817,Dick Zimmer
N00006546,Heather AWilson
N00006561,Tom Udall
N00006598,Jim Blockey
N00009825,Anibal Acevedo-Vila
N00003158,John Wolfe
N00005794,Chet Edwards
N00005960,Charlie Gonzalez
N00002048,Charles(Chuck)Carlton
N00002072,Howard Phillips
N00004278,John Hagelin
N00007401,FrederickEugeneOgin
N00002899,Isabell Masters
N00006741,CaesarSaintAugustine
N00002047,Lyndon LaRouche
N00001885,Alan Keyes
N00001604,Arlen Specter
N00001774,Pete Wilson
N00001805,Connie Morella
N00008086,Dave Camp
N00004033,Dennis Hertel
N00004484,Jim Ramstad
N00009670,Mark Kennedy
N00005181,Russ Carnahan
N00012460,William Clay
N00009671,Charlie Dooley
N00009676,Gene McNary
N00009677,Todd Akin
N00005336,Bill Barrett
N00000440,Bill Zeliff
N00000423,Charles Bass
N00000826,Robert Andrews
N00000716,Donald Payne
N00002763,Tom Wells
N00001817,WBillYoung
N00002905,Robert Wexler
N00002577,John Lewis
N00002543,Edgar Jenkins
N00007665,Neil Abercrombie
N00004280,Jim Leach
N00004208,Leonard Boswell
N00012457,Jesse Jackson
N00004702,Henry Hyde
N00004789,Cardiss Collins
N00004698,Phil Crane
N00004781,Dennis Hastert
N00001883,Kumar Barve
N00000469,Tom Allen
N00004029,John Conyers
N00004128,Joe Schwarz
N00004133,Fred Upton
N00004070,Dale Kildee
N00009795,Candice Miller
N00004005,CarolynCheeksKilpatrick
N00001783,John Dingell
N00001806,James Oberstar
N00005026,William Clay
N00005105,Ike Skelton
N00005195,Roy Blunt
N00005090,JoAnnEmerson
N00003341,Charles(Chip)Pickering
N00002269,Bob Etheridge
N00027483,MarkEdwinLayfield
N00027489,GregoryNeilRublee
N00003730,Ted Strickland
N00003574,MaryRoseOakar
N00005555,Darryl Roberts
N00007727,Earl Blumenauer
N00007700,Darlene Hooley
N00001498,Joseph McDade
N00001633,Joe Pitts
N00002497,Butler Derrick
N00027491,Norm Semanko
N00004643,Max Baucus
N00005372,Billy Tauzin
N00000275,Barney Frank
N00003758,Julia Carson
N00005218,Jim Ryun
N00003392,Anne Northup
N00005425,Francis Thompson
N00005422,John Cooksey
N00005383,David Thibodaux
N00000270,Ed Markey
N00027484,AndyJosephMayberry
N00001955,Ben Cardin
N00001971,Elijah Cummings
N00002377,Cass Ballenger
N00004638,Conrad Burns
N00001671,SamuelDrHoff
N00002051,Pat Buchanan
N00004032,HosannaJesseGray
N00009898,Dan Quayle
N00009614,Ric Keller
N00002877,Clay Shaw
N00002858,Ileana Ros-Lehtinen
N00002525,AlfredWileyBeverly
N00007615,Matthew Matsunaga
N00009637,L Otter
N00009652,JeffreyWilliamColyer
N00003473,Hal Rogers
N00009660,Steve Scalise
N00005353,William Jefferson
N00005437,Clyde Holloway
N00003838,JillLongThompson
N00005282,Jerry Moran
N00003458,Tom Barlow
N00003437,Jim Bunning
N00009791,David Treen
N00005407,Richard Baker
N00000316,John Mitchell
N00000259,Joseph Kennedy
N00001799,Kweisi Mfume
N00002314,G Hefner
N00000847,William Hughes
N00008619,Steven Rothman
N00006528,John Wertheim
N00001311,Louise Slaughter
N00001117,Stephen Solarz
N00008669,Nancy Naples
N00003202,Bill Jenkins
N00006067,Silvestre Reyes
N00005736,Brian Babin
N00005883,Kevin Brady
N00006031,Teresa Doggett
N00008799,Kay Granger
N00005893,Greg Laughlin
N00006008,Ruben Hinojosa
N00001811,Lamar Smith
N00005965,Joe Sullivan
N00005906,Ron Paul
N00005677,Martin Frost
N00006349,Chris Cannon
N00002147,Bobby Scott
N00002140,Owen Pickett
N00002167,Virgil Goode
N00002073,Frank Wolf
N00007124,Christopher Cox
N00006954,Gary Miller
N00007151,Dana Rohrabacher
N00007068,Mary Bono
N00007148,Pat Neal
N00008051,Mark Udall
N00006201,Anthony Martinez
N00006103,Tom Tancredo
N00000575,John Larson
N00000652,Christopher Shays
N00000638,Mark Nielsen
N00000554,Demetrios Giannaros
N00002782,Cliff Stearns
N00002936,Joe Chillura
N00002618,Ralph Hudgens
N00002691,Dylan Glenn
N00002555,DavidJamesWorley
N00006263,Mike Simpson
N00004881,Mel Reynolds
N00004708,Thomas Cramer
N00004671,David McSweeney
N00004724,Jan Schakowsky
N00004762,Judy Biggert
N00005057,Bill Federer
N00005157,Gary Nodler
N00003350,Gene Taylor
N00002356,Mike McIntyre
N00002315,Robin Hayes
N00002383,Charles Taylor
N00027485,Julie Padilla
N00027488,ShalendShaneSingh
N00005321,Lee Terry
N00009816,Chris Smith
N00000766,Mike Ferguson
N00000723,TheresadeLeon
N00008877,Eric Serna
N00009818,Shelley Berkley
N00001061,Robert Previdi
N00003209,John Duncan
N00003254,John Tanner
N00006060,Charles Stenholm
N00009828,Ciro Rodriguez
N00000528,Bernie Sanders
N00005936,RichardFrancis'Rico'Flynn
N00001871,John Glenn
N00006435,RobertBryantWinn
N00002283,John Edwards
N00006692,Barbara Boxer
N00007377,Tom Campbell
N00009778,John Kasich
N00000093,Charles Phillips
N00000727,MonicaGailMoorehead
N00005761,WillieFelixCarter
N00005037,Richard Gephardt
N00009894,Freddy Sitnick
N00008954,Al Gore
N00003326,Samuel Palmer
N00002725,DeborahKatzPueschel
N00009616,RobertNelsonHering
N00009618,Adam Putnam
N00002599,John Linder
N00009635,Jim Marshall
N00004255,Jim Nussle
N00004905,Don Manzullo
N00009656,Eleanor Jordan
N00009659,David Vitter
N00005358,Marc Morial
N00001756,Jim Exon
N00009483,BrendanThomasByrne
N00009908,Rudolph Giuliani
N00005617,Don Nickles
N00027486,Deborah Ortiz
N00007997,Ted Stevens
N00007206,John Seymour
N00006770,Mel Levine
N00007156,RobertWilliamGottier
N00001715,Sandra Noble
N00008943,WilliamIIIHall
N00008075,Bill Bradley
N00005303,Bob Kerrey
N00002091,Larry Craig
N00000940,Robert Abrams
N00000019,Hillary Clinton
N00007879,Slade Gorton
N00009941,Murray Sabrin
N00000659,Frank Lautenberg
N00001128,Geraldine Ferraro
N00006347,Robert Bennett
N00006406,Jon Kyl
N00007364,Dianne Feinstein
N00000581,Chris Dodd
N00007653,Daniel Akaka
N00000817,James Florio
N00001380,Rick Santorum
N00003147,Bill Frist
N00001776,MichaelAllenAndrews
N00005240,GloriaJeanO'Dell
N00002351,Lauch Faircloth
N00000444,Judd Gregg
N00006518,Jeff Bingaman
N00003709,Mike DeWine
N00007876,Patty Murray
N00008006,Frank Murkowski
N00006202,BenNighthorseCampbell
N00008078,Anthony(Andy)Martin
N00001758,Chuck Grassley
N00009945,Jon Corzine
N00006424,John McCain
N00009082,Wayne Allard
N00002742,Bob Graham
N00002532,Clinton Day
N00004981,Dick Durbin
N00005285,Pat Roberts
N00005385,John Breaux
N00005395,Mary Landrieu
N00001979,Paul Sarbanes
N00000491,Susan Collins
N00005178,Christopher"Kit"Bond
N00004207,Tom Harkin
N00000245,John Kerry
N00000480,Olympia Snowe
N00005165,John Ashcroft
N00001871,John Glenn
N00006515,Pete Domenici
N00005499,Tim Hutchinson
N00006887,TimothyCharlesKalemkarian
N00001670,Ray Clatworthy
N00002593,Johnny Isakson
N00006286,JohnVictorEvans
N00004851,Pat Quinn
N00005244,Sam Brownback
N00005350,Samuel Nunez
N00000308,Edward Kennedy
N00001945,Barbara Mikulski
N00001771,Donald Riegle
N00001762,Daniel Inouye
N00001764,Richard Lugar
N00000286,Mitt Romney
N00004468,Rod Grams
N00005138,Alan Wheat
N00005582,James Inhofe
N00002423,Fritz Hollings
N00005675,KayBaileyHutchison
N00006283,Dirk Kempthorne
N00003389,Mitch McConnell
N00004615,Byron Dorgan
N00006619,John Ensign
N00006159,GaryWarrenSwing
N00009086,Gary Franks
N00001800,Connie Mack
N00009926,Bill Nelson
N00009918,Patrick Leahy
N00001685,Jay Rockefeller
N00009920,Richard Shelby
N00003062,Jeff Sessions
N00001093,Charles Schumer
N00003583,George Voinovich
N00007815,Gordon Smith
N00001604,Arlen Specter
N00004583,Tom Daschle
N00005660,Victor Morales
N00027487,Serge Chernay
N00004309,Herb Kohl
N00002200,Robert Byrd
N00008092,Blanche Lincoln
N00007017,Darrell Issa
N00000616,Joe Lieberman
N00001669,Joseph Biden
N00002791,Bill McCollum
N00009930,Willie Logan
N00004428,Bob Welch
N00006246,Craig Thomas
N00003036,Roger Bedford
N00001579,Allyson Schwartz
N00005329,Ben Nelson
N00009922,Harry Reid
N00001769,Bob Packwood
N00007724,Ron Wyden
N00000362,Jack Reed
N00010084,Tim Johnson
N00009869,Orrin Hatch
N00004285,Eugene Hem
N00006249,Mike Enzi
N00005484,EdgarScottFerguson
N00009954,Lincoln Chafee
N00009956,Gregory Hawkins
N00002057,Charles Robb
N00000534,James Jeffords
N00009958,EdwardSawyerFlanagan
N00000036,Russ Feingold
N00004613,Kent Conrad
N00005301,Chuck Hagel
N00000756,Robert Torricelli
N00000968,DanielPatrickMoynihan
N00002464,StephenHenryBrown
N00002061,John Warner
N00009957,George Allen
N00000524,Jack McMullen
N00009960,Deborah Senn
N00001803,Jim Moody
N00005332,Donald Stenberg
N00008916,Tommy Thompson
N00008906,Elvena Lloyd-Duffie
N00009864,MikeBenjaminMartisko
N00003502,WilliamLorenBuckel
N00028953,Venus Ramey
N00000581,Chris Dodd
N00028977,James McCall
N00024786,Jeffrey Benedict
N00024998,Donald Gessner
N00025039,Dale Shugars
N00013769,Scott Conklin
N00024898,Norma Smith
N00027275,John Luchansky
N00006146,Sam Zakhem
N00024854,WilliamRayAnderson
N00026058,Larry Schuetter
N00025254,Hiram Lewis
N00027509,Scott Tipton
N00027510,Edwin Perlmutter
N00027511,Peggy Lamm
N00027512,Paul Vance
N00027513,Scott Farrell
N00027514,Kathy Castor
N00027515,Ron Klein
N00027516,Rick Dickinson
N00027517,PeterMichaelO'Malley
N00027518,JamesAndrewMowen
N00027519,Savas Karas
N00027520,Bill Russell
N00027521,Howard Wilson
N00027522,Dean Heller
N00028861,Stephen Harrison
N00027524,Bradford Jones
N00027525,Pat Dewine
N00027526,Jean Schmidt
N00027527,Andrew Hurst
N00027528,DouglasRobertRoulstone
N00027529,Terri McCormick
N00027530,Jamie Wall
N00027531,ArnoldMatthewJones
N00027532,Leonard Clark
N00027533,Sheldon Whitehouse
N00027534,PeterLynnAshdown
N00027479,Charles Pineda
N00027507,PatrickMichaelO'Brien
N00027480,Bruce Stevens
N00027481,Gale Morgan
N00027482,Leonard Padilla
N00027514,Kathy Castor
N00027535,Brian Kennedy
N00001799,Kweisi Mfume
N00000555,Timothy Knibbs
N00007417,Michela Alioto
N00027380,Veronica Hannevig
N00026981,Ruben Fort
N00009597,Jon Gordon
N00012469,Ted Crisell
N00013809,MichaelCarlHathorn
N00025508,LisaAnnAtkins
N00004800,Nancy Kaszak
N00027536,Thomas Hampton
N00027537,Keith Butler
N00027538,Ford Bell
N00027539,AngusLouisPraught
N00027540,John Morrison
N00027541,Jeff Sinnard
N00027542,Tom Bemmes
N00027543,John Kanno
N00027544,Michael Steinberg
N00027545,Jeffrey Lamberti
N00027546,Sheila Sorensen
N00027547,JohnJustinPavich
N00027548,Elwyn Tinklenberg
N00027549,David Harris
N00027550,Eric Massa
N00027551,Paul Hackett
N00027552,Tom Brinkman
N00027553,Tony Bourne
N00027554,Mark Losey
N00027555,Jennifer Lawless
N00027556,MaryBethHarrell
N00027557,RandolphIanGordon
N00027558,John Gard
N00027559,John Orman
N00027560,JohnClintonWilkes
N00027561,Robert Watson
N00004719,Peter Roskam
N00024758,Vic Roberts
N00005963,Michael Idrogo
N00026112,Lanakila Washington
N00027562,Scott Chacon
N00027563,Florice Hoffman
N00027564,DavidMalcolmRoth
N00027565,John Campbell
N00027566,Chris Murphy
N00027567,Charlie Stuart
N00027568,Nancy Detert
N00027569,Mike LaFevers
N00027570,Dufirstson Neree
N00027571,RockySkipperBrandt
N00027572,James Ascot
N00027573,TeresaHallBartels
N00027574,KevinRobertBoyd
N00027575,Brad Ellsworth
N00027576,NeilFalckQuinter
N00027577,AndrewJamesDuck
N00027578,Jim Kreider
N00027579,Monica Lindeen
N00027580,John Hanson
N00027581,Sharron Angle
N00027582,David Yassky
N00027583,VictoriaWellsWulsin
N00027584,Steve Austin
N00027585,Peter Fossett
N00027586,WilliamEricMinamyer
N00027587,Douglas Mink
N00027588,Jeff Morgan
N00027589,ArthurStanleyKatz
N00027590,Richard Holt
N00027591,Scott Burton
N00027592,Georgia Berner
N00027593,Mike Leibowitz
N00027594,Patrick Murphy
N00027595,Paul Lang
N00027596,ByronDouglasMiller
N00027597,John Farmer
N00027598,Kenny Wilson
N00027599,Matt Dunne
N00027600,Darcy Burner
N00027601,Michael Steele
N00027602,JeanHayBright
N00027603,Jerry Zandstra
N00027604,Kelly Doran
N00027605,Jon Tester
N00027606,Edward Cox
N00027607,ZaneReneLawhorn
N00027609,Tramn Hudson
N00027610,PeterMichaelSullivan
N00027541,Jeff Sinnard
N00027542,Tom Bemmes
N00003677,Bob McEwen
N00027612,JamesJohnParker
N00025426,David Smith
N00003528,Charlie Wilson
N00000528,Bernie Sanders
N00027006,Ralph Ferrucci
N00024882,Katherine Harris
N00027305,William Brenner
N00003218,Harold Ford
N00027614,William Davis
N00027615,Richard Tarrant
N00027617,Jack Jackson
N00027619,Homer Hartage
N00027621,Peter Beilenson
N00027622,Tucker Anderson
N00027623,Adrian Smith
N00027624,Michael Protack
N00027625,Richard Ackerman
N00027626,Vernon Buchanan
N00027627,Carole Pankau
N00027628,Aaron Lincoln
N00027629,John Spencer
N00026182,Pavel Goberman
N00027630,Paul Nelson
N00025072,Elaine Shaw
N00000219,Peter Torkildsen
N00000679,Matthew Kirnan
N00027632,JohnMichaelHolmes
N00027650,Stacey Tallitsch
N00027651,Paula Hollinger
N00027652,Coleen Rowley
N00027653,Chuck Espy
N00027654,CraigPeterWeber
N00027655,Heath Shuler
N00027656,Gary Dodds
N00027657,Judy Aydelott
N00027658,Kirsten Gillibrand
N00027659,James Constable
N00027660,DavidJosephFierst
N00027661,TimothyEdwardGinter
N00027662,Chuck Blasdel
N00027663,Joshua Wolf
N00027664,Jason Altmire
N00027665,Tom Kovach
N00027666,Joe Otterbein
N00027667,Nikki Tinker
N00027668,Shane Sklar
N00027669,Richard Raymond
N00027670,Troy Farlow
N00027671,JeffAllanTyberg
N00027672,FloydRayFrazier
N00027673,Harold Shudlick
N00027674,Jeanine Pirro
N00027675,Alan Sandals
N00027676,JeffreyDavidModer
N00027677,Michael McGavick
N00025861,William Crum
N00027631,Steve Young
N00026743,Howard Kaloogian
N00007012,AlanKurtUke
N00027678,Keith Johnson
N00027679,Bill Glass
N00027523,Albio Sires
N00027680,CharlesEdwardThompson
N00000515,Peter Welch
N00027681,Paul Richards
N00027682,David Kramer
N00025658,Greg Parke
N00013492,Marcus Gumz
N00027764,JoshuaClintonPrice
N00027765,James Martorano
N00027766,Jeff Cook
N00027767,WL Swarts
N00027768,Paloma Capanna
N00013431,DanielJosephDefazio
N00002732,Belinda Noah
N00019830,Allan Lichtman
N00010953,Joe Sulzer
N00026071,Michael Badnarik
N00019186,John Kelly
N00027769,Bill Mitchell
N00025335,IshahLaurahWright
N00027770,John Sullivan
N00028859,Larry Kissell
N00025221,AnthonyWayneWilliams
N00027503,Bob Casey
N00027372,MichaelPaulMarsh
N00026935,Tom Schedler
N00025578,RandyRobertCamacho
N00026473,Maria Pappas
N00026580,Lee Goodman
N00026585,AndreaLaneZinga
N00026590,JohnKellyKing
N00026594,Don Swarthout
N00026595,Charles Boustany
N00026596,Ned Doucet
N00026597,WillieLandryMount
N00026123,Dewey Broughman
N00026224,Steven Adam
N00026225,JamesStacyBroadwater
N00026228,Edgar Broyhill
N00026231,JasonDavidCastleMeshell
N00026232,GoliYazdiAmeri
N00026233,Steve Porter
N00026235,Mark Boles
N00026236,RobertoPratsPalerm
N00026240,Al Weed
N00026680,KevinDuaneAnderson
N00026523,Sonny Sardo
N00026544,Bruce Cohen
N00027683,Brian Dubie
N00027684,RaeSharleneVogeler
N00027685,Dale Groutage
N00027686,Steve Rathje
N00027687,JonathonTheImpalerSharkey
N00027688,OmarJonesMonahan
N00027689,Jim Pederson
N00027690,KevinPaulScott
N00027691,LiseVanSusteren
N00027692,Joshua Rales
N00027693,Kevin Zeese
N00027694,Claire McCaskill
N00027695,Pete Ricketts
N00027696,David Pfeffer
N00027697,Allen McCulloch
N00027698,John Hritz
N00027699,Stephen Laffey
N00027700,Steve Urquhart
N00027701,Bryan Lentz
N00027702,Andrew Warren
N00027703,Chris Carney
N00027704,Joseph Leonardi
N00027705,Michael Isaac
N00027706,Lee Ballenger
N00027707,ParkDouglasGillespie
N00027708,Alan Pedigo
N00027709,Van Taylor
N00027710,Bentley Nettles
N00027711,JuanJoseAyala
N00027712,Joe Tucker
N00027713,JohnDeeJacob
N00027714,Martha Rainville
N00027715,StevenCharlesCofchin
N00027716,MickeyStubbyStumbaugh
N00027717,Michael Caccioppoli
N00027718,ArmandEdwardLegare
N00027719,Jim Gilchrist
N00027720,GuyEdwardMailly
N00027721,Bea Foster
N00027722,Tom Pallow
N00027723,DavidRolandCrouch
N00027724,Scott Maccabe
N00027725,Marsha Morris
N00027726,MarshallSamuelSanders
N00027727,Edward Suppe
N00027728,Bea Tiritilli
N00027729,Richard Earnest
N00027730,Edwin Folsom
N00027731,Angie Paccione
N00027732,Erran Persley
N00027733,Elizabeth Doran
N00027734,DavidDomenicLangheier
N00027735,Frederick Taylor
N00027736,Al Fox
N00027737,James Greenwald
N00027738,Jim Nelson
N00027739,John Konop
N00027740,DeborahTravisHoneycutt
N00027741,David Loebsack
N00027742,Larry Grant
N00027743,Robert Vasquez
N00027744,Craig Cooper
N00027745,Kathleen Salvi
N00027746,John Laesch
N00027747,RichardMillsCornstuble
N00027748,John Doll
N00027749,Chuck Ahner
N00027750,ThomasEugeneScherer
N00027751,John Sarbanes
N00027752,Don Ritchie
N00027754,ScottWayneMortensen
N00027755,Sherman Parker
N00027756,SaraJoShettles
N00027757,Jim Esch
N00027758,Joseph Vavricek
N00027759,Scott Kleeb
N00027760,Richard Sexton
N00027761,Joseph Tricarico
N00027762,Joseph Vas
N00027763,Jill Derby
N00026318,Dale Schultz
N00026323,Mary Squires
N00026327,Inez Tenenbaum
N00012882,Raymond Wardingley
N00027978,Mike Callaghan
N00028004,Bill Winter
N00024878,Tom Benigno
N00025490,GaryGeneDavis
N00012683,Pamela Elizondo
N00028256,Vincent Vernuccio
N00028345,Richard Roberts
N00026549,Michael Metti
N00008758,David Davis
N00013329,Ron Lapham
N00027773,DanielChristopherWetherbee
N00027774,KathleenTroiaMcFarland
N00027775,DavidMichaelMcGrew
N00027776,Palmer Peterson
N00027777,ScottJosephWesseler
N00027778,MaryJoKilroy
N00027779,Jeff Woollard
N00027780,Denise Bode
N00027781,Mary Fallin
N00027782,Fred Morgan
N00027783,Ralph Norman
N00027784,Terry Stulce
N00027785,Laura Davis-Aaron
N00027786,Ron Redwing
N00027787,Glenn Melancon
N00027788,JamesBerkHenley
N00027789,Ted Ankrum
N00027790,ElsiePatriciaMynatt
N00027791,LeslieEricStory
N00027792,Nick Reid
N00027793,Gary Trauner
N00027794,Warren Grayson
N00027795,Lisa Rea
N00027796,Mary Pallant
N00027797,JillMarieMartinez
N00027798,Russell Warner
N00027799,PeterChristopherHankwitz
N00027800,Delecia Holt
N00027801,Mark Paschall
N00027802,DavidLeeLynch
N00027803,Donna Clarke
N00027804,Tim Mahoney
N00027805,KennethWayneArnold
N00027806,Robert Churchill
N00027807,Bill Reedy
N00027808,BrianScottGilliland
N00027809,Michael Clements
N00027810,Barry Welsh
N00027811,Philip Dunkelbarger
N00027812,KevinScottO'Keeffe
N00027813,JohnDanielAshcraft
N00027814,Tony Trupiano
N00027815,BarryWoodyWoods
N00027816,Richard Lesh
N00027817,Upendra Chirukula
N00027551,Paul Hackett
N00027818,JohnsWallaceStevenson
N00003535,Sherrod Brown
N00008008,Frank Vondersaar
N00027820,Charles Brown
N00015369,Bill Burlison
N00003166,Van Hilleary
N00027506,CharlesVinceCouch
N00027507,PatrickMichaelO'Brien
N00027508,Robert McDonald
N00009670,Mark Kennedy
N00027021,Patty Wetterling
N00000781,Frank Pallone
N00026102,EricJamesDavis
N00003572,Dennis Kucinich
N00026103,Thomas Zych
N00025683,DanielJamesBarnett
N00026109,RaymondLemmyChukwu
N00026110,Bryan Kennedy
N00026113,Mark Assini
N00026115,JamesChristopherReed
N00026116,MyrahLynnKirkwood
N00026117,Frank Ryan
N00002221,Richard Burr
N00025515,Miriam Masullo
N00000927,Michael Benjamin
N00001489,Pat Toomey
N00026120,JonPaulJennings
N00026122,Al Bartell
N00002839,Peter Deutsch
N00026125,LeonardDennisTalbow
N00026126,Richard Peterson
N00026128,Steven Morrison
N00026130,DorothyNelsonSnyder
N00026133,Gene DeRossett
N00026136,Frederic Cowan
N00026139,Alex Penelas
N00005355,Jeffrey Diket
N00026144,HarryEdwardSampson
N00026146,Michael Jones
N00026148,Louis Gohmert
N00026150,Vernon Robinson
N00026151,Mariano Favazza
N00026153,James Zupanic
N00026154,Paul Deweese
N00002522,Robert Lamutt
N00027458,JohnThomasFlynn
N00027459,Doris Matsui
N00027460,LaraRuthShapiro
N00027461,JamesEdwardLow
N00027462,GusMichaelBilirakis
N00027463,Bill Dix
N00027464,Bruce Braley
N00027465,Mike Whalen
N00027466,HarryNiceMuir
N00027467,Tim Walz
N00027468,Dawn Gibbons
N00027469,Danny Harmon
N00027470,Drew Pritt
N00027471,Joseph Hunt
N00027472,Chebib Jeanne
N00027473,Condoleezza Rice
N00027474,Rosalind Kurita
N00027475,BarbaraAnnRadnofsky
N00003958,Bart Baron
N00027274,JeremyWeirAlderson
N00027278,Paul Scoles
N00027286,Cheryl Crist
N00027294,Darin Jackson
N00027298,TeresaCatherineKeane
N00027304,Richard Hoffman
N00027305,William Brenner
N00001885,Alan Keyes
N00027330,Steven Krukar
N00027355,DanteGuerreroSalvatierra
N00027405,Maria Allwine
N00009876,David McReynolds
N00027438,KristaMarieGrimm
N00027449,ThomasJamesKawczynski
N00027455,NoahNickolasPerry
N00008092,Blanche Lincoln
N00025750,David Bruderly
N00025767,IrmaMuseDixon
N00025776,GregoryDennisMikkelson
N00025778,Dan Mathias
N00025809,Frank Stoppenbach
N00025815,Ayesha Nariman
N00027400,Leonard Rasch
N00025817,Thomas Casey
N00025829,Craig Mason
N00025831,Carol Cassady
N00025846,Jim Moore
N00009638,Barack Obama
N00025866,Mike Byron
N00025870,Norm Olsen
N00025881,Colleen Hanabusa
N00025882,Ed Case
N00025924,Andy Horning
N00025978,APresTompkins
N00025957,DarrenEugeneKarr
N00026012,Fern Penna
N00026017,Lucian Wojciechowski
N00026023,Vickie Sutton
N00026024,Jim Rath
N00026025,Moana Keaulana-Dyball
N00026043,Randy Neugebauer
N00026044,Bill Christian
N00026045,AngeloScottBrown
N00026041,Mike Conaway
N00026052,George Gladius
N00026053,Jeffrey Letter
N00026055,Daniel Hynes
N00026056,CherieMertinTilley
N00026059,AdamMichaelSafran
N00026060,Gary Nolan
N00026065,GradyDeanMollenhour,
N00026066,KevinSeanPolk
N00026067,Sanderson Beck
N00026068,AndrewMarkRotramel
N00026070,Michael Halpin
N00026071,Michael Badnarik
N00004791,CarolMoseleyBraun
N00026073,Joseph Martyniuk,
N00026074,Susan Fey
N00026076,Hugh Wallace
N00026079,JeffreyJayFisher
N00026080,John Barrow
N00026081,Kevin Murphy
N00026083,Clark Bisbee
N00026085,Nathan Tabor
N00026087,John Kuhl
N00026088,Thomas Schneider
N00026089,Ronald Hostetler
N00026091,Carroll Thomas
N00026092,Kay Gaddy
N00026093,David Langston
N00026094,Mike Egger
N00026095,Donald May
N00026096,Stace Williams
N00026098,Chris Bellamy
N00026100,StuartRossFarber
N00006700,Mervin Evans
N00003790,Marvin Scott
N00000379,Burt Cohen
N00003607,Eric Fingerhut
N00002472,James DeMint
N00000812,John Adler
N00002283,John Edwards
N00026889,Nancy Warrick
N00006182,Bob Schaffer
N00005601,Tom Coburn
N00026901,Al King
N00026907,RobertLynnWallace
N00026910,Stephen Graves
N00027477,JackAlanBrown
N00026914,Gwen Moore
N00026915,RockyHurricaneFlash
N00026919,Gerald Wallace
N00026923,Randy Graf
N00026927,Michael Payton
N00026933,ConnieJeanStokes
N00026939,Craig Romero
N00026941,Ronald Crews
N00026943,MichaelRayHuckleberry
N00026945,Phillip Truran
N00026947,StephenCarlMorrow
N00026951,Herb Conaway
N00026953,Frank Fracasso
N00026957,James Buell
N00026961,Yvette Clarke
N00026963,Michael Laba
N00026982,Jonathan Menefee
N00026983,JamesRobertSocas
N00026985,SandraJeanneMatheson
N00028784,MuavaefaatasiAeAe
N00028785,Ronald Harders
N00028786,Jason Blair
N00028787,Russ Dove
N00028788,LeoF,Kimminau
N00028789,Paul Price
N00028790,HarryArthurGardner
N00028791,Joe Calhoun
N00028792,Richard Hand
N00028793,Gregory Hollister
N00028794,Brian Scott
N00028795,Roger McCarville
N00028796,Steve Moore
N00028797,JohnDavidSexton
N00028798,Daniel Sumrall
N00028799,Richard Duffee
N00028800,Charles Barman
N00028801,JohnLeroyPlemons
N00028802,Donald Mantooth
N00028803,Rodger Gurk
N00028804,Ken Mathenia
N00028805,Aaron Stuttman
N00028806,CandaceRuthCaveny
N00028807,Art Myatt
N00028808,Aimee Smith
N00028809,David Sladky
N00028810,Melinda Ivey
N00028811,Shirley Yurkonis
N00028812,Bill Hastings
N00028813,Jim Brown
N00028814,Michael Sylvia
N00028815,Drake Davis
N00028816,Timothy Hagberg
N00028817,Titus North
N00028818,Derf Maitland
N00028819,John Rimer
N00028820,Mike Sadler
N00028821,TommyRayCalvert
N00028822,GiannibicegoHoaTran
N00028823,JosephVincentReasbeck
N00028824,AugustGarzaBeltran
N00028825,Adrian Deleon
N00028826,Barbara Cunningham
N00028827,Brian Parrett
N00028828,Ron Avery
N00028829,Dennis Morriseau
N00028830,Jerry Trudell
N00028831,Bruce Marshall
N00028832,Chris Karr
N00028833,DavidDunstanMoran
N00028834,Thomas Rankin
N00028835,AllenMatthewBunch
N00028836,Lee Mercer
N00028837,StephenThePennyManBaker
N00028838,Cynthia Thielen
N00028839,Jack Baldwin
N00028840,Mark Pool
N00028841,Lydia Lewis
N00028842,Roland Riemers
N00028843,WilliamVanAuken
N00028844,Roger Calero
N00028849,Matthew Abel
N00028850,Steven Ross
N00028851,David Baker
N00028852,Gene Kelly
N00028853,JamesLylePeterson
N00028854,Craig Stephens
N00009587,CarlLeeMcgill
N00012883,Benedict Mayers
N00013279,Charles Christrup
N00011732,John Bugler
N00001080,Ernest Johnson
N00003677,Bob McEwen
N00011766,Mort Meier
N00003534,Norbert Dennerll
N00025863,Warren Severin
N00024989,Peter Moore-Kochlacs
N00025587,DavidJoelChandler
N00025763,Mark Terry
N00025766,Troy Carter
N00003951,Jerome White
N00004052,John Pappageorge
N00010777,HarryRobbWelty
N00026344,Jim Fritz
N00026348,Greg Walcher
N00026358,DavidWilliamFranker
N00026368,Tim Walberg
N00026374,Robert Whitfield
N00026382,James Garner
N00026386,Jackie Winters
N00026390,DwightClintMoore
N00026392,Sam Texas
N00026394,Regner Capener
N00026396,Suzanne Sinclair
N00026398,Gary Kohlenberg
N00026402,Bill Wyatt
N00026406,EdwardThomasO'Donnell,
N00026410,Larry Klayman
N00026412,JimmieLeeBrowner
N00026416,JohnJReynolds
N00026418,Ken Wegner
N00026420,PaulVanDam
N00026421,Dan Coleman
N00026422,RobertJamesEllis
N00026423,Jeff Smith
N00009956,Gregory Hawkins
N00009704,Brad Carson
N00026428,PeterDanVasilovich
N00026430,Gregg Rippy
N00026434,Nancy Boyda
N00026436,AliceForgyKerr
N00026438,Roscoe Moore
N00026440,CharlesRichardFloyd
N00026442,Jeffrey Brauner
N00026444,David Vanhoy
N00026446,George Moretz
N00026448,Joseph Cinquemani
N00026450,Dan Brady
N00026452,JamesLeeFeldkamp
N00026454,Arthur Barton
N00026460,Michael McCaul
N00026462,Arlene Wohlgemuth
N00026464,DavidKeithCobb
N00026472,JeffreyWilliamDurbin
N00026474,Dwight Wilkerson
N00026476,Brian Krolicki
N00026478,Steven Maynard
N00026480,Howard Mason
N00026482,Mark Stewart
N00026484,MarkAlanHenry
N00027494,Jay Esmay
N00026479,TimothyRexfordWilson
N00026504,Pat Gray
N00026657,Wayland Smalley
N00026686,Al Green
N00027478,Lorenzo Sadun
N00026700,David Brigham
N00026704,RogerAllenScott
N00026706,Erik Saenz
N00026710,Kenny Marchant
N00026714,RebeccaArmendarizKlein
N00026720,WilliamRossVaden
N00026722,Francisco Canseco
N00026724,Jon Porter
N00026729,Jane Eshagpoor
N00026731,Craig Sullivan
N00026734,Edward Chavez
N00026738,Monty Montanez
N00026740,Kent Mesplay
N00026743,Howard Kaloogian
N00026748,Mel Martinez
N00026750,Gary Leshaw
N00026752,Nadine Thomas
N00026763,Orly Benny-Davis
N00026765,MarkEdwardTowner
N00026767,RichardJohnMeyer
N00026768,David Phelps
N00026882,David Ashe
N00026886,Luke Esser
N00026892,Ken Salazar
N00026896,Howard Mills
N00026904,CodyRobertJudy
N00026909,Tom Gallagher
N00026913,Robert Anderson
N00007694,Walter(Walt)Brown
N00026922,VernonWoodrowHumphrey
N00026924,Dwight Leister
N00026926,Jerry McNerney
N00026930,RobertGodsonWhittel
N00026936,ArthurLouisSchwertz
N00026938,CharmaineDegruiseCaccioppi
N00026940,DonaldRayCravins,
N00026942,Ken Chase
N00026944,DavidPhillipHorn
N00026946,JosephWilliamMayer
N00026948,Dan Cofran
N00026950,Daniel Hutchison
N00026954,Sylvester Fernandez
N00026958,Steven Fulop
N00026962,GlennBertDorr
N00026966,GregoryMarkWilson
N00026968,Graham Leonard
N00027004,JonathanWaltonAmbler
N00027006,Ralph Ferrucci
N00027008,Joseph Stanley
N00027016,Ruben Zamora
N00027018,DrewAlanWalker
N00027020,Randell Shafer
N00027022,Stace Mitchell
N00027037,Billy Creech
N00027039,Roger Eaton
N00027045,Beth Troutman
N00027046,Anne Fischer
N00027048,Paul Hodes
N00027049,Mark Brady
N00027053,Russ Mickelson
N00027057,RonVonFelden
N00027058,Blair Mathies
N00027059,BenjaminOliverShuldiner
N00027060,Brian Higgins
N00027061,TimothyLaneLancaster
N00027063,Samara Barend
N00027064,Bill Wortman
N00027496,Philip Krinkie
N00027066,BrandonPendaruisBrown
N00027068,David Magnum
N00027070,Dorthea(Dottie)Leclair
N00027073,TimothyLeeBearson
N00027075,Karen Saull
N00027077,JamesNormanFinkelstein
N00027079,Arthur Morrell
N00027087,Chuck Pennacchio
N00027095,Paul Clark
N00027097,Howard Johnson
N00002534,WilliamCliffordOxford
N00027115,Doris Haddock
N00027125,DamonBruceHarris
N00027137,Damon Baldone
N00027145,James Mork
N00027148,Justin Nadeau
N00027154,Keisha Morrisey
N00027166,Jeffrey Chimene
N00027171,MatthewBrianAljanich
N00027175,Prince Brown
N00027179,Marc Smith
N00027184,RobertEdwardJohnson
N00024824,Janice Bowling
N00024830,MikeEarlBriggs
N00024851,Tom Feeney
N00008071,Elizabeth Dole
N00027202,RandleFredrickEastwood
N00027206,KevinDaleChiasson
N00024882,Katherine Harris
N00004572,John Thune
N00024893,Elle Kurpiewski
N00024894,James Oberweis
N00024896,Jeff Chavez
N00024760,Phil Gingrey
N00024911,HelenMckennaRahder
N00024912,Chris Kouri
N00024914,Sean Mahoney
N00024919,Chris Bell
N00024920,Carroll Robinson
N00024921,Margaret Workman
N00024922,Jeb Hensarling
N00013877,Calder Clay
N00024924,WilliamWarnerKirby
N00024926,Tim Escobar
N00024931,Rick Renzi
N00024932,Daniel Stevens
N00024935,Charles Walker
N00024938,CraigLyonsSchelske
N00024945,Ron Kirk
N00005805,Ken Bentsen
N00025437,Ted Glick
N00025443,Bob Beauprez
N00025445,David Kustoff
N00025446,Vij Pawar
N00025450,Katrina Swett
N00025452,LoriJeanneLustig
N00025461,Ada Fisher
N00025464,Rodney Alexander
N00025466,Joe Rothbauer
N00008971,Wayne Sowell
N00025477,MarkSaalfieldNorris
N00025481,Stevan Drobac
N00025482,Dutch Ruppersberger
N00025485,Liz Michael
N00025495,Lou Barletta
N00008974,Albert Lipscomb
N00003132,Jim Cooper
N00025314,Jan Schneider
N00025321,John McColgan
N00025324,Matt Throckmorton
N00025326,Graham Boyd
N00027498,Chris Owens
N00025330,Jo Bonner
N00025342,Lou Barlow
N00025140,Catherine Davis
N00025142,John Kutsch
N00025147,Larry King
N00025157,Wayne Raasch
N00025159,Akram Yosri
N00025172,KalynCherieFree
N00025175,Michael Turner
N00025180,Mike Greene
N00025183,CandiceBrownMcElyea
N00025187,Gary Page
N00025206,CurtisPatrickMeece
N00025214,Mark Baisley
N00025219,Michael Burgess
N00012672,Steve Pearce
N00025226,James Hart
N00024972,JamesDarrellMaines
N00024974,Bryan Hartke
N00024977,Richard Romero
N00024978,Henry Cuellar
N00024979,Maad Abu-Ghazalah
N00024985,Paul Erickson
N00024990,Derrick Watchman
N00024992,Tim Murphy
N00025005,Frank Ballance
N00025015,Daniel Hagood
N00025018,Jack Blossman
N00025025,Jim Gerlach
N00025028,Gerald Cardinale
N00025030,Rob Beckham
N00025031,Ross Moen
N00025034,Douglas Forrester
N00025035,Mike Johnson
N00025038,Alan Blinken
N00025051,Syed Mahmood
N00025054,Marilyn Musgrave
N00025055,Tim Riley
N00025059,Jeb Bradley
N00025063,Adam Taff
N00025065,Herbert Meyer
N00025079,Stuart Johnson
N00025083,Felix Alvarado
N00027500,Amy Klobuchar
N00026346,PhillipMatthewSmith
N00026356,Carole Green
N00026364,John McKinnis
N00026370,Hans Masing
N00026376,Patricia Keever
N00026384,Larry Kaczala
N00026388,MargaretBarberCrosby
N00026487,HarryWilliamBraun,
N00026502,Jeff Ketelson
N00026653,Jeff Seemann
N00026659,AndrewLeeKaza
N00026661,VirginiaWatersSchrader
N00026662,Scott Rutter
N00026663,Robert Dodge
N00026664,JosephEdwardDriscoll
N00026665,John Lotwick
N00026667,AllenDaleUnruh
N00026668,Scott Knapp
N00026671,John Nickell
N00026672,Andrew Bolton
N00026675,Gene Christensen
N00026678,Jim Nickerson
N00026681,Morris Meyer
N00026682,John Martinez
N00026685,Arlette Molina
N00026691,BradleyAlexanderTashenberg
N00026699,Michael Thamm
N00026702,David McIntyre
N00026705,Rhett Smith
N00026708,Virgil Yanta
N00026713,Leticia Hinojosa
N00026718,Lico Reyes
N00026721,JesusAntonioCaquias
N00026723,James Hopson
N00026727,Winsome Sears
N00026730,Glenn Coggeshell
N00026732,CoreyRobertHoze
N00026735,James Alexander-Pace
N00026739,MichaelAnthonyPeroutka
N00026742,Bill Jones
N00026747,Jack Orchulli
N00026749,George Anderson
N00026751,Allen Buckley
N00026755,EarlStewartGordon
N00026764,David Beasley
N00026766,Joe Williams
N00000622,JohnPeterImre
N00012812,Duane Sand
N00013649,BruceIraAfran
N00026770,Peter Johnson
N00026772,Ted Weill
N00026774,Mason, John
N00008038,Chris John
N00009659,David Vitter
N00024787,David Fink
N00024790,Jeanne Shaheen
N00024792,Alexandria Coronado
N00024799,AlberthaMoullrieBrinson
N00024803,ShaunMichaelMcNally
N00024808,Elaine Marshall
N00024809,Joe Wilson
N00024812,Gunner Delay
N00024813,Rahm Emanuel
N00005004,James Talent
N00026780,StephenThomasMurray
N00026784,Tony Zirkle
N00026786,Bobby Jindal
N00026788,Patrice Bataglia
N00026790,Emanuel Cleaver
N00026792,Greg Ruehle
N00025426,David Smith
N00026804,Timothy Carpenter
N00026808,Erik Wells
N00026812,Elizabeth Baker
N00026816,Douglas Gallagher
N00026826,RobertLouisMarconi
N00026830,David Patlak
N00026832,Maria Parra
N00026834,DavidAvramSanders
N00026838,Barry Campbell
N00026840,Charles Melancon
N00026844,Jeanne Patterson
N00026846,Linda Jacobsen
N00026856,Bob Bruce
N00026858,GregoryMcdowellTucker
N00026860,Richard Hoffman
N00026862,Jack Davis
N00026872,StephenCharlesThompson
N00027495,Jim Knoblach
N00026884,Diane Tebelius
N00026888,DouglasToddFowler
N00026894,Brian Evans
N00026900,Bruce Broussard
N00026906,RichardUvaldeChapman
N00026911,Brian Thomas
N00027065,MichaelRayEllisor
N00027067,AlbertFranklinSpencer
N00027069,JefferyCharlesHall
N00027071,Scott Clarkson
N00027074,Bernard Klein
N00027076,Govind Patel
N00027078,Sid Cottingham
N00027083,JohnRossHendrix
N00027093,William Jordan
N00026903,Michael Reino
N00025138,Denise Majette
N00027098,RobertPaulBrown,
N00027123,Mark Thomas
N00027129,LawrenceHowardKlepinger
N00027139,Peter Hickey
N00027146,Bevan Presley
N00027152,Edward Trawinski
N00027157,Bob Donahue
N00027167,Eva Bacal
N00027172,Fred Hardee
N00027178,DaltonIchiroTanonaka
N00027181,MichaelLeeRogers
N00025213,Frank Gonzalez
N00024829,Mike Miles
N00024850,Alex Sanders
N00024852,John Cornyn
N00027200,Basil Ottley,
N00027204,Gerald Boyle
N00027208,Deborah Watts
N00027215,JohnThompsonParker
N00027218,John Coleman
N00027220,John Hamilton
N00005433,JohnWyethScott
N00027224,LeighCharlesPomeroy
N00027226,Marcus Hester
N00027237,Paul Donnelly
N00027239,Daniel Lipinski
N00027241,Daniel Zimmerman
N00027243,RufusHoltCraig,
N00027245,Patsy Allen
N00027247,Gregory Hemingway
N00027253,Michael Wildes
N00027257,Dennis Colman
N00027267,Jessica Flagg
N00027269,Michael Jaliman
N00027271,Doris Kelly
N00027279,PaulDavidJenkins
N00027281,Thelma Drake
N00027285,Krim Ballentine
N00027289,Paul Lord
N00027291,Douglas Sandvick
N00027299,Patrick Tyndall
N00027301,BradleyAllenKlippert
N00027433,Tim Liverseidge
N00027441,Bob Corker
N00027443,JohnJosephKennedy
N00027448,Robin Rorapaugh
N00027450,Anthony Rothert
N00027456,Kevin Jackson
N00024858,Erskine Bowles
N00024862,Geoff Davis
N00024865,HectorDeLaTorre
N00024866,Madeleine Bordallo
N00024870,Linda Sanchez
N00024871,David Scott
N00024874,Dennis Cardoza
N00024875,Melissa Bean
N00024879,Mark Augusti
N00024881,Annie Betancourt
N00027497,CheriPiersonYecke
N00024883,Robert Lee
N00024886,Beth Rogers
N00025327,KatherineFoxCarr
N00025337,Mario Diaz-Balart
N00025344,Greg Harris
N00025346,Jeff Hardenbrook
N00025357,Diane Allen
N00025359,RobertJosephCardinal
N00025361,Oz Bengur
N00025369,Chris Pringle
N00025371,Larry Maggi
N00025388,Patrick Pappano
N00025391,Timothy Carden
N00025399,Kara Anastasio
N00025408,Rick O'Donnell
N00003258,Ed Bryant
N00025413,Timothy Bishop
N00025416,Brent Taylor
N00025421,JudyMcCainBelk
N00009888,Lamar Alexander
N00006085,DavidJeffreyThomas
N00025284,Raul Grijalva
N00025286,TyroneCassRoss
N00025287,Roland Chicas
N00025292,Rob Bishop
N00025294,Marilyn O'Grady
N00025299,Tim Bridgewater
N00025303,JayThomasJorgensen
N00013848,Andrew Raczkowski
N00025237,Steven King
N00025240,LanceEdwinCompton
N00025242,Pete Tabb
N00025246,Anthony Latell
N00025248,Jim Simon
N00025251,Stephen Engel
N00025262,Stan Matsunaka
N00025263,ThomasDeanBoettcher
N00025267,Carolyn Grant
N00025269,Alfred Taubenberger
N00025274,Chuck McCarthy
N00025279,RobertCraigGross
N00025280,Tim Ryan
N00025117,Deforest Soaries
N00025131,Warren Redlich
N00025138,Denise Majette
N00025084,David Hernandez
N00026223,Charles Morse
N00026395,Jane Hague
N00026599,Stephen O'Malley
N00026887,Bruce Asay
N00027264,Kenneth Jefferson
N00026101,JohnAnthonyEstrada
N00027499,Tom Easterly
N00027501,RobertMaxwellFitzgerald
N00013069,Joe Vu
N00025259,Clinton Lesueur
N00027648,Gretchen Clearwater
N00025826,Mark Wilson
N00027771,GeorgeDarwinJohnson
N00027504,Matthew Brown
N00027392,Steven Halsey
N00026986,Conrad Lee
N00025595,BarryGordonIrwin
N00026475,Daniel Mongiardo
N00026477,RobertLonnieSwenson
N00027234,Brian Hamel
N00026481,Dan Boren
N00026483,Brock Hill
N00026485,Michael Murphy
N00026488,JohnHowardBuchanan
N00026489,James Gray
N00026491,Andy Martin
N00026495,Jeffrey Vance
N00026497,David Winters
N00026499,Pat Driscoll
N00026501,Claudia Bermudez
N00026503,Christopher Huskins
N00026511,Charles Pringle
N00026513,JamesLexBufford
N00026515,Roy Ashburn
N00026520,StuartAllenBechman
N00026521,Cynthia Matthews
N00026526,William Bodell
N00026528,VictorDavidElizalde
N00026532,Paul Whitehead
N00026535,Albert Robles
N00026538,Lewis Myers
N00026541,Tan Nguyen
N00026546,Francine Busby
N00026550,Brian Keliher
N00026555,DelinaMarieDisanto
N00026557,DianeGossFarrell
N00026559,Frank Schwerin
N00026560,Simon Pristoop
N00026561,Margaret Hostetter
N00026563,James Stork
N00026564,Raymond Davis
N00026565,Tom Mills
N00026567,Silvia Delamar
N00026568,Eugene Blanshan
N00027476,Steve Piekarczyk
N00026575,Christine Cegelis
N00026576,Anita Rivkin-Carothers
N00026577,AntonioTyroneDavis-Fairman
N00026987,GaryMartinGearheart
N00026988,Cale Case
N00026989,John Henley
N00026992,Mike Miller
N00026994,Rosemarie Clampitt
N00026995,Peter Coors
N00026997,Arthur Small
N00026999,MichaelGeorgeLiffrig
N00026752,Nadine Thomas
N00027000,Paul Johnson
N00025842,Jack Shepard
N00026649,Robert Lucas
N00013055,Michael Fjetland
N00027005,RobertAlbertKinsey
N00027007,David Hedge
N00027009,Bob Hagenmaier
N00027013,Liane Levetan
N00026934,Lin Whitworth
N00027017,Billy Tauzin
N00027019,Bob Alexander
N00027021,Patty Wetterling
N00027023,MarkThomasGroettum
N00027025,JoAnnKarll
N00027031,James Newberry
N00025692,Kendrick Meek
N00025702,Bob Auerbach
N00025716,Mark Budetich
N00025722,Peter Crotty
N00025726,Tom Cole
N00025731,Marc Nuttle
N00025733,Frank Carter
N00025736,Suzanne Terrell
N00025738,Blair Hull
N00027035,K Butterfield
N00027112,Lee Jones
N00027120,RoyEugeneWalsh
N00027122,MichaelJosephCollesano
N00027128,Ken Longmyer
N00027130,Dave Ross
N00027140,Scott Elliott
N00027142,Cynthia Cassell
N00027191,Patricia Lamarche
N00027138,Kimon Kotos
N00027209,Jeremy Furbish
N00027213,Inam Rahman
N00002763,Tom Wells
N00027217,Paul Rodriguez
N00027219,Robert Johnson
N00027088,Steven Larchuk
N00027227,Cam Cavasso
N00027229,Michael Fitzpatrick
N00027233,Donald Silberger
N00025294,Marilyn O'Grady
N00027240,Kurt Eckhardt
N00027242,Zelma Blakes
N00027244,EdwardScottGalmon
N00027246,TheresaMitchellDudley
N00027248,David Pechulis
N00027772,LauraDavisAaron
N00026600,Kostas Alexakis
N00026601,Dave Harvilicz
N00026617,Peter Idusogie
N00026620,BarbaraDaleWasher
N00026621,Stephanie Summers-O'Neal
N00026622,Lamonica Magee
N00026623,Michael Lott
N00026625,TracellaLouO'HaraHill
N00026626,AndrewScottWinfrey
N00026627,Patrick McHenry
N00026628,John Cole
N00026629,Sandy Lyons
N00026630,David Huffman
N00026631,Jeff Fortenberry
N00026632,Stephen Brozak
N00026633,GeorgeCharlesAjjan
N00026634,Bill Spadea
N00026635,Gary King
N00026636,William Manger
N00026637,Gabriel Pearse
N00026638,Brian Kolb
N00026641,Jane Mitakides
N00026642,BenjaminZagharyKonop
N00026643,Robin Weirauch
N00026645,George Pulling
N00026648,BarbaraAnneFerris
N00026651,Capri Cafaro
N00025597,Max Burns
N00025603,William Abbott
N00025607,Scott Conwell
N00025609,MichaelWayneDeem
N00025612,Kate Lynnes
N00025618,Janet Robert
N00025625,Anton Srdanovic
N00025626,Janine Selendy
N00025658,Greg Parke
N00025663,Howard Dean
N00025664,LemuelLeonTucker
N00025666,James Sykes
N00025668,Tony Perkins
N00025682,Edie Bukewihge
N00026654,Frank Cusimano
N00026656,Brian Thomas
N00026658,LloydLeeFields
N00026660,Lois Murphy
N00005546,Bob Anthony
N00026781,Jeffrey Siemer
N00026783,DavidAlanEversman,
N00026785,MichaelEvanSlider
N00026787,Steven Reifman
N00026789,David Sturrock
N00026791,Curt Bromm
N00026793,DorotheaAnneWolfe
N00026795,DavidJeromeBennett
N00000962,AdamClaytonPowell
N00026801,ThomasAndrewBazan
N00026805,Shirley Krug
N00026807,ChristopherMadisonTurman,
N00026811,PaulRussellRosenberger
N00026815,Sonya March
N00026817,RobertGeraldLorge
N00026818,JohnTimothyRussell
N00026573,StevenBurtonSchulze
N00026820,Robert Casey
N00026821,RichardAndrewMiller
N00026823,JohnNeelyKennedy
N00026827,RichardJohnPenberthy
N00026829,Christine Jennings
N00026831,Naomi Preston
N00026833,Frank Kendrick
N00026843,JohnArdenMagee
N00026847,Tracy Velazquez
N00026853,Donna Anderson
N00026855,TravisJosephLiles
N00026857,Amy Vasquez
N00026859,Frank Barbaro
N00026861,Brian Goodell
N00026863,Bert Smith
N00026871,Lois Herr
N00026873,BrianEarlWatkins
N00026879,Beau Babka
N00026883,James Hurysz
N00027753,Obi Sium
N00026397,ChesterRichardLoeffler-Bell
N00026405,CeciliaMargaretGoin-Harding
N00026407,Raymond Raczkowski
N00026409,Alphonse Wright
N00026411,Piotr Blass
N00026413,John Borling
N00026417,J Pipkin
N00026419,Kirk Humphreys
N00026425,Connie Mack
N00001928,Bob Duckworth
N00008870,Howard Swint
N00026429,Paul Wilkins
N00026431,John Salazar
N00026433,MarkKevinWykoff
N00026435,Tony Miller
N00026437,Jane Brooks
N00026439,Antonio Salazar
N00026441,TeresaAnnDaly
N00026443,Steve Dennis
N00026445,JamesAndrewHarrell
N00026447,JohnPatrickCusack
N00026449,EmanuelCarlAndrews
N00026451,Jose Ortega
N00026453,Scott Paterno
N00026457,Ted Poe
N00026459,BenjaminEarlStreusand
N00026461,Dave Phillips
N00026469,Jim Holt
N00026471,BarbaraSheenTodd
N00026578,WilliamCurtScheurer
N00026581,ErinReneeZweigart
N00026586,Joe Donnelly
N00026591,Ben Chandler
N00009683,William Blakley
N00026243,JamesAndrewColeman
N00025845,WilliamHowardTaftMcGaughey
N00025682,Edie Bukewihge
N00009322,William Shaw
N00009852,Herman Cain
N00001529,Joseph Hoeffel
N00025461,Ada Fisher
N00026252,Nancy Skinner
N00026260,Joyce Schulte
N00026264,Luis Fortuno
N00026268,LisaMarieCheney
N00026270,Miriam Ramirez
N00001579,Allyson Schwartz
N00026274,Rico Oller
N00026278,FredTimothyWilloughby
N00026280,Harry Scolinos
N00026282,Edward Laning
N00026284,John Works
N00026286,Rick Crawford
N00026288,Tari Renner
N00026290,Patricia Lightner
N00026292,Leslie Farr
N00026294,Gary Mason
N00026296,Matt Connealy
N00026298,Kevin McAdams
N00026302,Greg Philips
N00026306,Carole Wells
N00026307,NicholasGeorgeDemas
N00026310,Kevin Triplett
N00026312,Thomas Crowson
N00026314,CathyMcMorrisRodgers
N00026315,Shaun Cross
N00026316,Donald Barbieri
N00026319,Vince Whitacre
N00026325,Nancy Farmer
N00026329,Tim Michels
N00004495,Dick Franson
N00026332,Bill Smith
N00026334,MildredWilliamsGlover
N00026156,Matthew O'Shea
N00026339,Rick Murphy
N00026341,Jim Costa
N00026343,MichaelStevenGiorgino
N00026347,Dan Corsentino
N00026349,DouglasRichardSitter
N00026351,Mike Emmons
N00026353,RobertDeanDerry
N00026359,Tim Bagwell
N00025509,Scott Bundgaard
N00025522,Charles McPeek
N00025523,Don Hooper
N00025524,Kevin Kelley
N00025535,Cathy Rinehart
N00025539,Christine Fitch
N00025548,Wayne Barrows
N00025568,Gery Chico
N00026361,Bob Croddy
N00026365,Bradley Jewitt
N00026367,Scott Rolle
N00026369,Brad Smith
N00026371,MichaelZaneYates
N00026375,ToddAnthonyBatchelor
N00026377,Virginia Johnson
N00026383,Tracy Boyland
N00026644,Diane Murphy
N00027649,Tim Huelskamp
N00025089,Louis Vandenberg
N00025093,Brad Miller
N00013855,Stephen Lynch
N00013863,MajorTomReed
N00013864,Dario Herrera
N00013869,Michael Sodrel
N00013870,Norm Coleman
N00013873,John Boozman
N00013874,John Milkovich
N00013875,MichaelJosephBattles
N00013878,Ilana Freedman
N00013879,Dave Rogers
N00013814,Stan Thompson
N00013815,Bob Irvin
N00013816,JamesPaulHendren
N00013817,Chellie Pingree
N00026582,GloriaSchorAndersen
N00002685,Saxby Chambliss
N00025095,John Carter
N00025101,Robert Levy
N00025104,JohnArthurSmith
N00016973,Ray Ezell
N00015205,Charles Broomfield
N00015884,Mark Cohen
N00013841,LarryWilliamDiedrich
N00013846,Jeff Miller
N00013847,John Sullivan
N00013849,RandolphLeroyKnepper
N00013850,MelinaAnnFox
N00013818,Scott Pruitt
N00013820,ChrisVanHollen
N00013823,Mark Pryor
N00013828,Alan Skorski
N00013833,DonaldErnestRegan
N00013834,Phil Bradley
N00013836,Doug Dodd
N00013837,Gresham Barrett
N00013744,Diane Watson
N00013747,Philip Lowe
N00013753,Sally Havice
N00013756,James Sullivan
N00013758,Chuck Kalogianis
N00013766,Brian Joyce
N00013772,James Klauber
N00013783,MichaelJosephKleiner
N00013790,Clay Cox
N00009975,Lindsey Graham
N00013799,Randy Forbes
N00013804,Charles Morrison
N00013808,Thad McCotter
N00026160,Tom Price
N00026168,Peter Hort
N00026174,Andy Rosenberg
N00026182,Pavel Goberman
N00002442,Charlie Condon
N00026195,HellenMcmullenWilliams
N00026200,PaulFrancisStreitz
N00026202,Johnnie Byrd
N00026205,MonteEarlJohnson
N00026207,MarkStrothersMcBride
N00026210,Gabriel Castillo
N00026213,Kingsley Davis
N00026214,Keith Clayborne
N00026215,Chuck Clay
N00026216,Mike Crotts
N00026218,Caine Cortellino
N00026219,Christopher Brennan
N00027502,Thomas Kean
N00025041,Stephen Udall
N00012886,Robert Dallas
N00025212,Mark Fredrickson
N00025105,Christopher Claytor
N00028026,Steve Waterworth
N00025228,James Wright
N00027389,Jessie Bouley
N00027306,WilliamAlexanderLee
N00027096,Richard Wright
N00004954,Kenneth Wiezer
N00005697,Ken Ashby
N00000019,Hillary Clinton
N00006479,ClydeLeroyStaggs
N00027821,Victor McKerlie
N00027823,John Thrasher
N00027825,Herb Paine
N00027827,Ron Drake
N00027829,Gabrielle Giffords
N00027831,Patty Weiss
N00027833,ChristopherLeeBrozda
N00027835,Ken King
N00027836,EricScottTurner
N00027837,Jeff Newsome
N00027838,William Hauf
N00027839,John Rinaldi
N00027840,ScottGordonMaclean
N00027841,Joe Roberts
N00027842,John Chagnon
N00027843,Eddie Adams
N00027844,Mike Massaro
N00027845,Colin Boyle
N00027846,David Lutrin
N00027847,DianeLeeLawrence
N00027848,Hank Johnson
N00026589,Nick Clooney
N00027891,Dan Maffei
N00027979,Kim Wolfe
N00006517,Patricia Madrid
N00012775,John Cranley
N00012736,Don Udall
N00026525,Charles Coleman
N00028028,Jeffrey Kravitz
N00028030,Rosie Avila
N00028032,Derek Casady
N00028034,Dennis Spivack
N00028036,AndrewPatrickMcGlinchey
N00028038,Jim Bloink
N00028040,Patricia Godchaux
N00028042,Steven Acuff
N00028044,Al Kissling
N00013688,John Emerick
N00026588,James Rice
N00028057,ThomasFrankWeiss
N00028059,Aaron Dixon
N00028061,Paul Brown
N00028063,Ned Lamont
N00028065,Lorenzo Grant
N00028067,Vittorio Spadaro
N00028069,Steve Francis
N00028071,John Bauer
N00028073,John Yarmuth
N00028075,ElaineSueCarlson
N00028077,
N00028079,Darlene Curley
N00028081,EricJohnKlammer
N00028082,Fred Strack
N00028085,Jack Nelson-Pallmeyer
N00028087,Kent Cunningham
N00028089,CharlesTaylorSutherland
N00028091,Carol Shea-Porter
N00028093,ItaloAndresZanzi
N00028095,Deborah Kraus
N00028096,Frank Guglielmi
N00028097,Daniel Saks
N00028098,Craig Foltin
N00009799,Tom Sawyer
N00028100,John Wolfe
N00028101,William Grace
N00028102,Jennifer Stewart
N00028103,PaulDavidHunter
N00028104,Derrick Kitts
N00028105,Scott Silver
N00028106,Charles Butcher
N00028107,Carol Voisin
N00028108,JustinValeraBehrens
N00028109,Randal Maatta
N00028110,Rory Bricco
N00028111,Julian Bolton
N00028112,Marvell Mitchell
N00028113,Joe Ford
N00028114,Justin Nichols
N00028115,Mike Hellon
N00028116,Steven Huffman
N00028117,Victor Tognazzini
N00028118,Bill Durston
N00028119,Michael Denunzio
N00028120,John Dendulk
N00028121,CarolLianeBrouillet
N00028122,J Cox
N00028123,Robert McCloskey
N00028124,William Paparian
N00028125,Marcy Winograd
N00028126,ScottLloydFolkens
N00028127,Milton Gale
N00028128,Scott Orren
N00028129,Victor Ramirez
N00028130,Bill Boyer
N00028131,Paul King
N00028132,Jeffrey Crank
N00028133,Douglas Lamborn
N00028134,Michael Berg
N00028135,Samm Simpson
N00028136,BradleyCurtisHughes
N00026592,Tom Buford
N00028138,Brian Schatz
N00028140,Gary Hooser
N00028142,MarkStewartGreenstein
N00012623,John Cox
N00007978,ClaudeLloydOliver
N00028145,JamesWalterMoore
N00011614,Lendall Terry
N00000349,Rodney Driver
N00025076,Kelley Ross
N00025036,Daniel Ramirez
N00025429,William Larsen
N00025785,Michael Cino
N00026494,J Sekhon
N00026508,Brian Holtz
N00008133,Kevin Akin
N00013089,Mike Campbell
N00027041,Roger Kirkman
N00027047,ClydeMichaelMorgan
N00027370,Joseph Silvestri
N00006348,Merrill Cook
N00003754,GeorgeThomasHolland
N00012707,Don Grundmann
N00026905,Joe Labonte
N00028169,Dan Warren
N00028257,Keith Ellison
N00028346,GayGPratt
N00000596,Alan Schlesinger
N00002213,John Raese
N00025471,John Hogan
N00025967,James Dunn
N00025688,Harvey Howard
N00026619,Jeff Parnell
N00026971,Michael Peavler
N00026976,Doug Vandagriff
N00026980,Norman Saliba
N00022725,Robert Scott
N00028410,Diane Benson
N00028412,Eric Eidsness
N00028414,JuanBautistaBotero
N00028416,Andy Miscuk
N00028418,Alan Grayson
N00028420,MichaelEdwardMcGraw
N00028422,Bob Longwith
N00028424,PatrickSamuelPillion
N00025026,Donzella James
N00028426,Phil Collins
N00028427,Mike Boland
N00028428,Rob Mellon
N00028429,Mark Schwiebert
N00028430,SheriConoverSharlow
N00028431,Eric Schansberg
N00028432,WilliamHenrySzych
N00028433,Jeff Beatty
N00028434,Brandy Baker
N00028435,Wendy Wilde
N00028436,Jorge Saavedra
N00028437,TammyLouiseLee
N00028438,Lou Mansfield
N00028439,Robb Cunningham
N00028440,David Bertelsen
N00028441,Christophel
N00028442,Lloyd Sanders
N00028443,Bryce Holthouse
N00028444,Jacob Turk
N00028445,Randy Langkraehr
N00028446,Bernard Kennetz
N00028447,Clendon Kinder
N00028448,Midge Potts
N00028449,Veronica Hambacker
N00028450,Branden McCullough
N00028451,Steven Hedrick
N00028452,David Mejias
N00028453,DavidEllisPrunier
N00028454,Mick Cornett
N00028455,FranMoghaddamFarvardin
N00028456,Sue Barton
N00002444,Ben Frasier
N00028458,David White
N00028459,Philip Cheney
N00028460,Antonio Williams
N00028461,Vance Cheek
N00028462,PeggyParkerBarnett
N00028463,Phil Roe
N00028464,Alan Howell
N00028465,Rick Trent
N00026317,Alex Alben
N00028467,Colquitt Brackett
N00028469,John Grose
N00028471,Mahmood Sabri
N00028473,BrentHowardBenedict
N00028475,Don Strong
N00028477,Virginia Welsch
N00028479,Kathleen Culver
N00028481,Joe Towns
N00028483,Rudolph Daniels
N00028485,Jake Ford
N00028487,Jesse Blumenfeld
N00028489,Shelley Sekula-Gibbs
N00028491,Marvin Pixton
N00028493,MichaelHenryMessmore
N00028495,Steven Herr
N00028497,John Curry
N00028499,MichaelKeithForrester
N00028501,Jan Ting
N00028503,DavidBrianDickerson
N00028505,Roxie Fausnaught
N00028507,Frank Gilmour
N00028509,Boris Krymskiy
N00015616,JosephJohnCarraro
N00003192,Richard Venable
N00026322,Tony Strickland
N00026326,Richard Ziser
N00026330,Russ Darrow
N00026331,Mark Smith
N00026257,Larry Sheahan
N00026335,Daniel Webster
N00026229,Marcus Belk
N00013770,Bill Shuster
N00013782,BrianBakerSpringfield
N00024946,NoelIrwinHentschel
N00013739,Jean Carnahan
N00005422,John Cooksey
N00013800,Matt McCoy
N00013807,Brose McVey
N00000397,John Sununu
N00026166,Virginia Foxx
N00026170,TimothyCharlesPhillips
N00026180,Jack Ryan
N00025489,Christopher Fenner
N00026193,DianeElizabRamsey-Rasmussen-kenne
N00026197,Tony Knowles
N00026201,Betty Castor
N00002556,Mac Collins
N00026206,Imrana Muhammod
N00026208,Reed Davis
N00026212,Moshe Segebre
N00013062,CliffordLeeMessina
N00025639,Andy Ogles
N00026583,Bob Hart
N00027270,Morris Guller
N00026696,Paul Haring
N00026709,Ruben Perez
N00027282,Brad Blanton
N00006808,Rudolph Svornich
N00001133,Alton Walton
N00005860,Drew Parks
N00001564,GeorgeHenryBallard
N00025152,ScottLanierJameson
N00027822,Susan Friedman
N00027824,SuchindranShiladityChatterjee
N00027826,Don Chilton
N00027828,Jeff Latas
N00027830,Francine Shacter
N00027832,Margee Ensign
N00027834,Louie Contreras
N00027849,Steve Sinton
N00027850,Noah Hough
N00027851,Robert Chambers
N00027852,Jim Hansen
N00027853,Phillip Jackson
N00027854,Jason Tabour
N00027855,Robert Belin
N00027856,Howard Schug
N00027857,Ann Melichar
N00027858,John(JohnnyHap)Haptonstall
N00027859,KevinEdwardWhite
N00027860,Tammy Duckworth
N00027861,Charles Hutchinson
N00027862,James Mitchell
N00027863,Michael Shannon
N00027864,Simon Ribeiro
N00027865,DavidElliotRobin
N00027866,Dan Seals
N00027867,Joseph Shannon
N00027868,Richard Auman
N00027869,DannyLeroyStover
N00027870,Tyson Wray
N00027871,ScottJosephSchwab
N00027872,JohnEricStreit
N00027873,JohnMichaelWeaver
N00027874,Andrew Horne
N00027875,Jim Corwin
N00027876,Andy Barth
N00027877,Mishonda Baldwin
N00027878,Ronald Miller
N00027879,Dwayne Thomas
N00027880,James Marcinkowski
N00027881,Chad Miles
N00027882,Alan Conner
N00027883,BretMichaelClemons
N00027884,Linda Stender
N00027885,Barry Michaels
N00027886,Joseph Diaferia
N00027887,Darren Rigger
N00027888,John Hall
N00027889,Les Roberts
N00027890,Mike Arcuri
N00027892,Thor Jacobs
N00027893,Stephanie Studebaker
N00027894,Jim Jordan
N00027895,Richard Siferd
N00027896,Michael Gilb
N00027897,NathanJamesMartin
N00027898,Jason Werner
N00027899,Lewis Katz
N00027900,Nick Singh
N00027901,BettySueSutton
N00027902,Zachary Space
N00027903,Charlie Meadows
N00027904,Bill Graves
N00027905,Patricia Presley
N00027906,StanleyMartinHetz
N00027907,RajPeterBhakta
N00027908,Philip Avillo
N00027909,LeeArdreyHarris
N00027910,Edward Stanton
N00027911,Roger Owen
N00027912,Duane Shaw
N00027913,Frank Camp
N00027914,Donald Perkison
N00027915,Gary Binderim
N00027916,Juston Perez
N00027917,Daniel Dodd
N00027918,Bob Johnson
N00027919,Bobby Hise
N00027920,Kurt Helm
N00027921,Mike Nelson
N00027922,Joey Dauben
N00027923,Carl Nulsen
N00027924,DavidLeeMurff
N00027925,Michael McLauchlan
N00027926,JohnPaulForeman
N00027927,RobertJamesDevine
N00027928,Bruce Travis
N00027929,Gardner Osborne
N00027930,Roger Waun
N00027931,Jim Thompson
N00027932,Cynthia Sinatra
N00027933,Eugene Flynn
N00027934,Edward Zamora
N00027935,Alex Bischoff
N00027936,Ben Mendoza
N00027937,Gordon Strickland
N00027938,Guillermo Acosta
N00027939,Ahmad Hassan
N00027940,Patrick Warren
N00027941,Robert Ricketts
N00027942,MarkJosephRossano
N00027943,JamesArthurStrohm
N00027944,Pat Baig
N00027945,ThomasArwellCampbell
N00027946,Gabriel Owens
N00027947,Stan Norred
N00027948,Bob Smither
N00027949,Rick Balanos
N00027950,Cecil Lamb
N00027951,Mark Frohman
N00027952,EdwardJonathanMokrzycki
N00027953,Grant Rostig
N00027954,Tim Barnwell
N00027955,Rich Haas
N00027956,Paul Mastin
N00027957,Robert Powell
N00027958,Glenda Moyes
N00027959,Ameer Omar
N00027960,Wilson Aurbach
N00027961,Esther Choi
N00027962,Matt McAdoo
N00027963,Will Pryor
N00027964,PhilipSwainScheps
N00027965,John Hawley
N00027966,Lavar Christensen
N00027967,ShawnMichaelO'Donnell
N00027968,Phil Kellam
N00027969,Thomas O'Donoghue
N00027970,Charles Carrico
N00027971,Bill Wood
N00027972,Judith Feder
N00027973,David Zuckerman
N00027974,MarkIrvingShepard
N00027975,PeterJamesGoldmark
N00027976,Justin Sowa
N00027977,Chris Wakim
N00027980,Tim Larrimore
N00027981,Curtis Hayward
N00027982,RuthBryantWhite
N00027983,Todd Chretien
N00027984,JerryDeanCarter
N00027985,Dennis Rasmussen
N00027986,EricMartinMehnert
N00027987,Charles Tamboia
N00027988,Raymond Stankiewicz
N00027989,Michael Bouchard
N00027990,Erik Fleming
N00027991,Jonathan Tasini
N00027992,WilliamGardnerPierce
N00027993,Carl Sheeler
N00027994,Robert Belt
N00027995,ArthurWillisLoux
N00027996,TimothyWadeDiecker
N00027997,Ray Salinas
N00027998,Herschel Tomlinson
N00027999,CharlesBudRailey
N00028000,Michael Jenkins
N00028001,Alex Rodriguez
N00028002,Steve Thomas
N00028003,JohnWesleyAnderson
N00002934,Phyllis Busansky
N00028005,John Kelly
N00028006,Richard Barton
N00028007,Mike Barrett
N00028008,JohnRossHendrix
N00028009,KevinPaulNestor
N00028010,Matt Miller
N00028011,JohnCoffeeHarris
N00028012,Ralph White
N00028013,David Harris
N00028014,Sid Smith
N00028015,John Morris
N00005918,Steve Stockman
N00005660,Victor Morales
N00025178,FredAndersonWood
N00028018,DavidAlanRobinson
N00009957,George Allen
N00027726,MarshallSamuelSanders
N00000579,Herschel Collins
N00026942,Ken Chase
N00000699,Robert Menendez
N00028022,JohnWilliamCarter
N00028023,Steven Greenfield
N00003535,Sherrod Brown
N00028025,DarrelReeceHunter
N00006069,Lorenzo Morales
N00020751,Harris Miller
N00026175,Richard Snuffer
N00004388,NancyJeanNusbaum
N00005173,DuaneNeilBurghard
N00028027,Bill Falzett
N00028029,Roberto Rodriguez
N00028031,Eric Roach
N00028033,Rich Mancuso
N00028035,Bob Harms
N00028037,Kris Kiser
N00028039,Kenneth Stepp
N00028041,Sharon Marko
N00028043,Paul Aronsohn
N00028045,Tessa Hafen
N00028046,Bruce Tytler
N00028047,GabrielleVictoriaDowney
N00028048,Michael Dovilla
N00028049,Joe Sestak
N00028050,Chad Kluko
N00028051,Derrick Bennett
N00028052,Bill Whitman
N00028053,Don Hall
N00028054,Daniel Imperato
N00028055,Richard Mountjoy
N00026018,Jim Galley
N00028056,Alfonzo Jones
N00025882,Ed Case
N00001800,Connie Mack
N00025195,Fred Jones
N00006077,Jorge Artalejo
N00025132,Ed Scharf
N00004855,Art Jones
N00003737,James Stahl
N00003775,Carrie Dillard-Trammell
N00002348,Tim Dunn
N00009517,Thomas Kovach
N00009908,Rudolph Giuliani
N00009859,MichaelJoesephJackson
N00006422,RogerHenryJewell
N00004404,William Raven
N00002871,BruceCalvinTrask
N00010202,Gene Kelly
N00001955,Ben Cardin
N00000917,Thomas Thomassian
N00009367,BurrelCharlesFarnsley
N00028058,Jim Webb
N00028060,Billy Hendricks
N00028062,AabbattaMichaelPWitort
N00028064,Brian Macdonald
N00028066,Bern Ewert
N00028068,Jayson Reeves
N00028070,Ronald Franklin
N00028072,Samuel Schultz
N00028074,James Tapley
N00028076,PeterAndrewWhite
N00028078,Gary Applebaum
N00028080,Dexter Kamilewicz
N00028082,Fred Strack
N00028084,EricWayneCrosley
N00028086,Judi Parker
N00028088,YvonneRayfordBrown
N00028090,Maxine Moul
N00028092,James Craig
N00028094,Ken Howland
N00028137,John Coyne
N00028139,Mazie Hirono
N00028141,Edward Hamilton
N00025426,David Smith
N00028144,MichaelCharlesSmith
N00022171,Richie Robb
N00026252,Nancy Skinner
N00028147,Bill Morrison
N00027918,Bob Johnson
N00028001,Alex Rodriguez
N00020408,Pete McCloskey
N00028151,RonaldUrcelCarter
N00028152,Kevin McCarthy
N00028153,ChristineRayeYoung
N00028154,William Griffith
N00007656,QuentinKuhioKawananakoa
N00007730,John Sweeney
N00025010,James Eyer
N00012841,Herb Peters
N00025316,Denny Heath
N00012912,Jim Giles
N00026916,Charles James
N00026507,George Bruno
N00026529,Leland Faegre
N00026545,Lars Grossmith
N00026836,VictorDeanWakley
N00027044,Mark Ortiz
N00027368,Jim Duensing
N00026647,Matt Webb
N00006737,GordonMichaelMego
N00004663,Mike Fellows
N00026746,Marsha Feinland
N00028155,VivianSheffieldBeckerle
N00028156,John Morykwas
N00028157,Greg Pierce
N00028158,Barbara Bobo
N00028159,Eddison Walters
N00028160,WoodrowWilsonAnderson
N00028161,Joe Ross
N00028162,Harry Mitchell
N00028163,LeeFrancisHollingsworth
N00028164,JayDudleyQuick
N00028165,John Jones
N00028166,Timothy Stock
N00028167,Kent Hinesley
N00028168,Michael Roskey
N00028170,Michael Hamersley
N00028171,Claire Yan
N00028172,Todd Hooper
N00028173,Mike Halliwell
N00028174,Richard Friesen
N00028175,Camden McConnell
N00028176,EveDelCastello
N00028177,Krissy Keefer
N00028178,Darcy Linn
N00028179,RobertMiltonBarrows
N00028180,Kevin Hearle
N00028181,Charel Winston
N00028182,AnthonyDeMaio
N00028183,James Lopez
N00028184,ErnestStevenHaze
N00028185,Sharon Beery
N00028186,Steve Nichols
N00028187,Will Levison
N00028188,MichaelKurtStettler
N00028189,Michael Tenenbaum
N00028190,David Erickson
N00028191,Melvin(Mel)Milton
N00028192,Elliot Graham
N00028193,Hoyt Hillsman
N00028194,ByronWalkerDelear
N00028195,StanleyKimmelKesselman
N00028196,Jim Keller
N00028197,Lynda Llamas
N00028198,DavidNelsonJones
N00028199,Adele Cannon
N00028200,Sal Genovese
N00028201,Paul Ireland
N00028202,Brian Gibson
N00006825,Peter Mathews
N00028204,Sidney Street
N00028205,Kenneth Graham
N00028206,James Andion
N00028207,Philip Inman
N00028208,Marty Schwimmer
N00028209,Dennis Chang
N00028210,Angelita Campos
N00028211,Kenneth Grandlund
N00028212,BlakeLindenMiles
N00028213,Dan Litwin
N00028214,Connie Frankowiak
N00028215,Bryan Barton
N00028216,John Woodrum
N00028217,Ernie Lippe
N00028218,LionelRolandoRivera
N00028219,Duncan Bremer
N00006204,Curtis Imrie
N00028221,JohnGatenbyBlade
N00012496,Bob Bowman
N00028223,Michael Calderin
N00028224,Clint Curtis
N00028225,Allan Burns
N00028226,Bob Hogue
N00028227,Joe Zuiker
N00028228,Selden Spencer
N00028229,DavidEdwinOlson
N00028230,Cecil Kelly
N00028231,Andy Hedden-Nicely
N00028232,Travis Hedrick
N00028233,Cameron Forth
N00028234,Phil Hare
N00028235,Ric Holtz
N00028236,ThomasAllenSchrader
N00028237,Darin Kinser
N00028238,Mike Brown
N00025327,KatherineFoxCarr
N00028240,PierreQuincyPullins
N00028241,Joseph Stockett
N00028242,Eric Dickerson
N00028243,John Hockersmith
N00028244,WilliamEdwardParker
N00028245,JosephFrancisLavigne
N00028246,JohnBervickEdwards
N00028247,RobertPaulConstantino
N00028248,JohnDavidWhite
N00028249,DonnaFernEdwards
N00028250,BarryCKissin
N00028251,Daniel Zubairi
N00028252,Laurence D'Amboise
N00028253,Frank Cona
N00028254,Kim Clark
N00028255,RhondaLeeRoss
N00028258,Mike Erlandson
N00028259,AnneCurtisKnapp
N00028260,PaulTimothyOstrow
N00028261,ReichgottJungeEmber
N00028262,Gary Schiff
N00028263,GailAnneDorfman
N00028261,ReichgottJungeEmber
N00028265,JohnPaulBinkowski
N00028266,Mark Byrne
N00028267,CharlesGeorgeKaram
N00028268,James Frisella
N00028269,William Bambach
N00028270,Joe Forsythe
N00028271,James Hurt
N00028272,Ron Shapiro
N00028273,EricJonGunderson
N00028274,Dan Mansell
N00028275,Kent Kanoy
N00028276,Oscar Lewis
N00028277,MarkDulaneyGlen
N00028278,Syndi Holmes
N00028279,RogerDeanSharpe
N00028277,MarkDulaneyGlen
N00028281,Shirley Davis
N00028282,John Autry
N00028283,Richard Carsner
N00028284,JohnCharlesArmor
N00028285,MatthewAlanMechtel
N00028286,Douglas Polk
N00028287,Robert Danderson
N00028288,HenryDavidMarcus
N00028289,Viola Thomas-Hughes
N00028290,Carol Gay
N00028291,CamilleMarieAbate
N00028292,Leigh-Ann Ballew
N00028293,Jose Sandoval
N00028294,Vincent Micco
N00028295,Deshon Porter
N00028296,Tom Wyka
N00028297,Joseph Sinagra
N00028298,John Guarini
N00028299,Ronald Dolin
N00028300,Scott Babb
N00028301,Charles Barron
N00028302,DavidWarrenDenenberg
N00028303,Rocco Calise
N00028304,RogerLeonGreen
N00028305,Kevin Powell
N00028306,Gary Suraci
N00028307,EdwinAlbertPell
N00028308,Douglas Walters
N00028309,Eric Sundwall
N00028310,Leon Koziol
N00028311,Raymond Meier
N00028312,Charles Weasel
N00028313,Richard Stobbs
N00028314,William Conner
N00028315,Dirk Kubala
N00028316,Bradley Leavitt
N00028317,Lindsey String
N00028318,Michael Reilly
N00028319,Patricia Schaffer
N00028320,John Swords
N00028321,Michael Lyons
N00028322,Paul Burtzlaff
N00028323,J Delorean
N00028324,Gary Kucinich
N00028325,RuthNaderAbboud
N00028326,Tom Mason
N00028327,Thomas Shaw
N00028328,Kevin Calvey
N00028329,AlexaJeannetteLewis
N00028330,Shantu Shah
N00028331,Paul Daghlian
N00028332,MonicaKayJohnson
N00028333,Mike Erickson
N00028334,Michael Gessner
N00028335,Donald Hilliard
N00028336,Kathy Scott
N00028337,DianaLynnIrey
N00028338,Charles Dertinger
N00028339,MatthewArlingtonWertz
N00028340,John Cobin
N00028341,Bruce Whalen
N00028342,Larry Rudebusch
N00028343,Joel Goodman
N00028344,Bill Breeding
N00028347,TysonAnwarPratcher
N00028348,Hoyt White
N00028349,ThomasEdwardGuleff
N00028350,Jospeh Kyles
N00028351,Steven Olsen
N00028352,Mark Hudson
N00028353,John Thompson
N00028354,Kris Lounsbury
N00028355,David Perry
N00028356,Bob Brister
N00028357,Christian Burridge
N00028358,Torin Nelson
N00028359,Jim Noorlander
N00028360,PhilipLearHallman
N00028361,Mark Ellmore
N00028362,Linnea Noreen
N00028363,AnthonyKeithGallagher
N00028364,JasperElbertMoyers,
N00028365,MichaelHerbertAloisi
N00028366,MartinLutherChurch
N00028367,Colleen Fernald
N00028368,Catherine O'Keefe
N00028369,Catherine Starr
N00028370,Kenneth Marcure
N00028371,Bob Keenan
N00004630,Bob Kelleher
N00028373,DanielLloydNesteHuffman
N00028374,Dwight Grotberg
N00028375,John Ginty
N00028376,MerrillSamuelKeiser
N00028377,Brian Jenkins
N00028378,Ronald Levine
N00028379,Michael Ridgway
N00028380,Scott Bradley
N00028381,Julian Hatch
N00028382,Roger Price
N00026468,Tom Formicola
N00028383,PhilipZimtBerg
N00028384,Rob Smith
N00028385,JohnRogerMiller
N00028386,David Evans
N00006961,Ted Brown
N00006700,Mervin Evans
N00006758,Wayne Miller
N00006673,Mike Binkley
N00028388,James Smith
N00007216,Christina Avalos
N00007011,Miriam Clark
N00012869,Michael Benoit
N00002802,Clay Hill
N00028223,Michael Calderin
N00028389,Paul Smith
N00025418,Lewis Hass
N00028390,Edward Smith
N00028391,Thomas Williams
N00003818,Ralph Spelbring
N00026837,Bob Hidalgo
N00028392,Michael Simpson
N00028247,RobertPaulConstantino
N00028393,Thomas Johnson
N00028394,ErikMcBrideThompson
N00003354,Randy McDonnell
N00002334,Rory Blake
N00028396,James Wilson
N00026418,Ken Wegner
N00007066,Anna Nevenich
N00028860,JohnRichardChema
N00028398,Bob Carr
N00003601,DaleVirgilBlanchard
N00028399,Don Manning
N00003507,Ralph Applegate
N00028400,JamesBrodbeltHarris
N00028401,Dan Davis
N00026900,Bruce Broussard
N00028402,JohnAndrewMurphy
N00028403,William Griffith
N00028404,JamesLarryWaters
N00028405,Lynn Badler
N00028406,AustinSherwwodLett
N00007982,Mike Gravel
N00028408,RichardMichaelSmith
N00002097,Mark Warner
N00005741,SherryAnnMeadows
N00028409,Bobby Mills
N00007578,Tian Harter
N00026740,Kent Mesplay
N00003269,Bill Bowlin
N00025941,Harold Taylor
N00025311,Robert Candee
N00000655,James Kelly
N00025714,Brendan Trainor
N00027774,KathleenTroiaMcFarland
N00013206,DaveStarrSeely
N00024854,WilliamRayAnderson
N00025536,Erik Buck
N00025632,John Greene
N00026782,Robert Neeld
N00025023,Kevin Craig
N00025678,June Griffin
N00026978,Ken Martin
N00008745,Faye Walters
N00003224,CharlesGordonVick
N00028411,Ellen Simon
N00028413,Bentley Rayburn
N00028415,Philip Maymin
N00028417,WesleyAlanHoaglund
N00028419,Carl Lauderdale
N00028421,JohnDouglasBradbury
N00028423,Terry Holley
N00028466,DennisDeanWhaley
N00028468,Claude Cox
N00028470,Dan Smith
N00028472,Ralph McGill
N00028474,Norma Cartwright
N00028476,Jason Pulias
N00028478,Randy Morris
N00027597,John Farmer
N00028482,BeverlyJonesCollins
N00028484,Cecil Hale
N00028486,Jesse Neely
N00028488,David Wallace
N00028490,Tim Turner
N00028492,Ferdinando Greco
N00028494,Steve Beren
N00028496,Ruth Bradley
N00028498,MichaelStanleyHayes
N00028500,Edward Gittelson
N00028502,Leroy Collins
N00028504,John Uldrich
N00028506,Isaiah Hair
N00028508,NormanAlexanderSanHicks
N00028510,Tate Harrison
N00028511,Ed Choate
N00028512,David Gatchell
N00028513,Emory Heyward
N00028514,Chris Lugo
N00028515,GlendaGailParker
N00028516,WilliamDanielJohnson
N00028517,JamesNealHarris
N00007625,Ron Menor
N00028518,John Sullivan
N00028519,Don Grimes
N00011406,George Weber
N00005043,Tamara Millay
N00027030,Jack Truman
N00028520,Ralph Ledford
N00018306,Douglas Heinsohn
N00028521,James Reeves
N00028522,Robert Smith
N00028523,Charles Howard
N00003133,Patrick Lyons
N00028524,David Davis
N00028525,William Smith
N00028526,James(Mickey)White
N00030593,TimothyCharlesKalemkarian
N00000177,GeorgeDavidJosephPhillies
N00013090,Steve Osborn
N00009439,BillClintonYoung
N00028527,Charles Smith
N00009768,MarkAllenHunt
N00022802,Bob Shamansky
N00013685,Ronald Graeser
N00013309,Anthony America
N00025515,Miriam Masullo
N00025749,David Werder
N00025752,Andrew Pasayan
N00025026,Donzella James
N00025605,Patrick Quaney
N00004106,John Mangopoulos
N00003133,Patrick Lyons
N00026506,Harland Harrison
N00027135,Marty Mork
N00027338,Dennis Fitzsimons
N00026841,SharonMarieRenier
N00027126,Raymond Wickson
N00005600,Evelyn Rogers
N00005840,Joseph Charles
N00027412,David Schumann
N00028528,ToddLawrenceHyde
N00028529,Ray Metcalfe
N00028624,Mark Flanagan
N00028625,John Kennedy
N00028626,Margaret Trowe
N00028627,ScottCampbellSmith
N00028628,Mike Monroe
N00028629,DavidAlanKoch
N00028630,Jesse Johnson
N00025685,Don Karg
N00025824,Jane Newton
N00006483,Joseph Sweeney
N00027160,Powell Gammill
N00009180,Mark Yannone
N00002002,John Rea
N00026604,Rick Hoover
N00026605,George McDermott
N00027302,Doug Williams
N00027303,Jay Pond
N00027391,Warren Mosler
N00027428,Robert Raymond
N00027196,Mike Miles
N00005449,StephenJeanCopley
N00008661,Jim Russell
N00001856,Deborah Vollmer
N00001970,Robert Kaufman
N00026756,Ray Bly
N00027189,Craig Hill
N00027214,Peter Moss
N00027434,Cris Ericson
N00028633,Victor Trevino
N00028634,KarlTimothyBurkhalter
N00028690,David Nolan
N00008470,Christopher Boardman
N00028692,Kevin Smith
N00001944,Mike Schaefer
N00012760,CharlesUlyssesSmith
N00027201,Larry Drown
N00005161,James Noland
N00004092,Ken Proctor
N00025938,Gregory Stempfle
N00027358,Willie Norwood
N00027361,Richard Edgar
N00027266,Ali Mohamed
N00027437,Doug Cloud
N00000710,Dick Hester
N00000801,John Mele
N00009479,Gregory Pason
N00013503,WilliamEdwardChovil
N00027300,Mohammad Said
N00007890,Warren Hanson
N00007612,Jay Friedheim
N00007620,LloydJeffreyMallan
N00028768,BobLeonardForthan
N00028778,James Hill
N00028779,Helen Meyers
N00027429,Richard Fontanesi
N00025789,Thomas Abrams
N00000680,Herbert Shaw
N00000991,Kevin Brawley
N00008661,Jim Russell
N00028781,Michael McHale
N00003616,WayneRobertYoung
N00028782,John Bennett
N00028760,Lukin Gilliland
N00026147,Sal Mohamed
N00010564,Steve Tataii
N00027366,DarylMikellBrooks
N00010892,Len Flynn
N00000838,Edward Forchion
N00009319,Angela Lariscy
N00007956,Gordon Pross
N00026350,BruceEdwardLohmiller
N00006174,JackJosephWoehr
N00028530,HowardFltecherScaman
N00028531,Eva Ince
N00028532,Alexander Crawford
N00028533,Sol Gerstenfeld
N00028534,David Schlosser
N00028535,FrankRonaldAntenori
N00028536,Robert Seals
N00028537,Dina Padilla
N00028538,Mark Hull-Richter
N00028539,Bert Sargent
N00028540,Joseph Vollano
N00028541,Karen Hartley-Nagle
N00028542,J Mauro
N00028543,Larry Sapp
N00028544,Salvatore Fiorella
N00028545,J Spencer
N00028546,Joseph Viscusi
N00028547,Edward Bowlin
N00028548,Dan
N00028549,Emmie Ross
N00028550,Eric Simpson
N00028551,Neil Evangelista
N00028552,ClaytonWHee
N00028553,NestorRalphGarcia
N00028554,Hanalei Aipoalani
N00028555,Sylvester Cain
N00028556,Roger Tucker
N00028557,Paul Showen
N00028558,RonaldLeeVoth
N00028559,Joy Holt
N00028560,GarthJamesMcGinn
N00028561,Artis Cash
N00028562,BruceRobertAltschuler
N00028563,Steven Warner
N00028564,Gerard Giblin
N00028565,Joshua Warner
N00028566,JamesRichardRinck
N00028567,Nikolis Papageorgio
N00028568,Chuck Ream
N00028569,Patrick Flynn
N00028570,Robert Denison
N00028571,Paul Kuligowski
N00028572,Rick Gualdoni
N00028573,Lester Townsend
N00028574,Gary Kucharski
N00028575,Bob Czak
N00028576,AlanRaymondFine
N00004468,Rod Grams
N00028578,Dave Jarvis
N00028579,Michael Callis
N00028580,John Shea
N00028581,Mary Maxwell
N00028582,Darnell Roberts
N00028583,AsimoSondraLawlor
N00028584,Bruce Westcott
N00028585,James Kroshus
N00028586,Glenn Thomas
N00028587,Daniel Rosen
N00028588,Joshua Hansen
N00028589,Freddie Warman
N00028590,Martin Blessinger
N00028591,John Donnelly
N00028592,Alan Gentges
N00027064,Bill Wortman
N00028594,Hal Spake
N00028595,Johnny Roy
N00028596,MatthewHortonWoodson
N00028597,Paul Aranas
N00028598,Douglas Patterson
N00028599,Tony Barr
N00028600,RobertEdwinTalton
N00028601,Albert Burckard
N00028602,Jim Nachman
N00028603,RobertStuartTaylor
N00028604,CajunSpoonJames
N00028605,DonovanLamontRivers
N00028606,Chip Denure
N00028607,Bill Winney
N00028608,John Blyth
N00028609,JeffreyCharlesPetkevicius
N00028610,AdamKirkFarley
N00028611,TerryLeeBarkdull
N00028612,John Verkamp
N00028613,Peter Monroe
N00028614,William McBride
N00028615,Roy Tanner
N00028616,Lawrence Scott
N00028617,Bernard Senter
N00028618,Leonard Schwartz
N00028619,Brett McAtee
N00028620,RubyJeeTun
N00028621,Jeffrey Russell
N00028622,Carl Romanelli
N00028623,HongThiTran
N00010247,Bob Weber
N00013581,John Barker
N00002776,Richard Grayson
N00027113,Robert Conroy
N00017605,Richard Gilster
N00011899,Patrick Miller
N00028631,BrianPatrickMoore
N00001982,BlaineBruceTaylor
N00026617,Peter Idusogie
N00025828,BruceMacclementGuthrie
N00028694,Robert Wilcox
N00028695,Roy Nielsen
N00028696,Cheryl Brodersen
N00028697,DonnaWalkerMancini
N00028698,Brian Houillion
N00028699,Paul Ard
N00028700,DavidDennisGereighty
N00028701,Peter Beary
N00028702,Derrick Shepherd
N00028703,Karen Carter
N00028704,Scott Barron
N00028705,Regina Bartholomew
N00028706,Deven Collins
N00027326,V Mendoza
N00028708,Eric Bradley
N00028709,LanceVonUhde
N00028710,Gregory Kahn
N00028711,Olangee Breech
N00028712,JamesLeeBlake
N00028713,Patti Cox
N00028714,Chester Kelley
N00028715,GloriaWilliamsHearn
N00028716,Brent Sanders
N00028717,John Watts
N00028718,Michael Stagg
N00027334,StevenVanTil
N00028720,Jeff Steinport
N00028721,Allitta Hren
N00028722,Steve Samoranski
N00028723,Kenneth Howe
N00028724,Robert Hutchinson
N00004046,Dick Gach
N00028726,Adam Goodman
N00028727,John Tatar
N00028728,Charles Tackett
N00028729,Andy Lecureaux
N00028730,Thomas Fanslau
N00028731,Lynn Merle
N00028732,Robert Mullock
N00028733,Louis Wary
N00028734,Matthew Fretz
N00028735,Herbert Tarbous
N00028736,Lou Jasikoff
N00028737,Michael Jarvis
N00028738,Brian Williams
N00028739,Dean Burk
N00028740,Eleanor Friedman
N00028741,Dennis Adornato
N00028742,Jonathan Anderson
N00028743,Stephen Finger
N00027259,Mariana Blume
N00028745,Elon Harpaz
N00028746,Ollie McClean
N00028747,Allan Romaguera
N00000973,Anita Lerman
N00028749,Danniel Maio
N00028750,Edward Daniels
N00028751,Jim Faulkner
N00028752,Christina Rosetti
N00028753,Robert Pusateri
N00028754,Roosevelt Chapman
N00028755,Ray Feikert
N00028756,Jerry Firman
N00028757,Richard Homrighausen
N00028758,Joy Padgett
N00028759,Albert Uresti
N00028760,Lukin Gilliland
N00028761,Frank Enriquez
N00028762,RichardJohnFrank
N00028763,Teri Moats
N00028764,Daniel Miller
N00028765,Lewis Picton
N00028766,Joshua Smith
N00009872,Paris Alvarez
N00028769,Christine O'Donnell
N00028770,Chas Collins
N00028771,Eddie Pirkowski
N00028772,KauiJochananAmsterdam
N00028773,William Slavick
N00027338,Dennis Fitzsimons
N00028775,Leonard Smith
N00028776,Michael Nelson
N00028777,Barry Massoudi
N00004235,Albert Schoeman
N00028780,Mark Byrne
N00026259,Joe Negron
N00027333,David Newland
N00027277,Dean Wolf
N00027382,Greta Browne
N00027284,Joseph Oddo
N00006142,John Heckman
N00028783,William(Bill)Ratigan
N00028845,Joe Cobb
N00028846,Thomas Kelly
N00028847,John Miller
N00028848,RobertLeeRobinson
N00027439,Keith Stern
N00028855,JeffHowardTaftDavis
N00028856,KarlEverettKrueger
N00009885,Ray Caplette
N00027420,William Morris
N00008525,David Sole
N00028857,James Germalic
N00028858,Richard Duncan
N00027743,Robert Vasquez
N00005192,Earl Durnell
N00025784,Hermann Winkelmann
N00025458,James Geron
N00025791,Esmat Zaklama
N00025689,Robert Garrison
N00007670,Alexandra Kaan
N00003858,ClaytonLinsleyAlfred
N00005161,James Noland
N00008150,Gene Curtis
N00000412,Kenneth Blevens
N00010125,DonaldLutherRichardson
N00000884,Ken Feduniewicz
N00003225,Steve Cohen
N00007380,Michael Moloney
N00007656,QuentinKuhioKawananakoa
N00012192,Dorothy Benford
N00005310,Steven Laird
N00000800,Darren Young
N00011245,Richard Roth
N00003520,EdwardSilvioEmery
N00007433,RobertEdwardMoreau
N00009872,Paris Alvarez
N00012801,JosephUnderwoodMorrow
N00013360,Steve Kubby
N00003050,Rubin Young
N00006424,John McCain
N00001895,George English
N00013487,Christopher Young
N00013171,MaryDeloisWrightTaylor-Shelby
N00006338,LawrenceReyTopham
N00020755,Jeffrey Miller
N00025559,ScottCraigBabbitt
N00025352,Stan Jones
N00025676,Alvin Strauss
N00026000,Gary Keplinger
N00007835,MikeTheMover
N00005122,Joyce Lea
N00009059,JohnJayHooker
N00013656,M Carter
N00006535,Orlin Cole
N00013142,Jack Robinson
N00028636,Christopher Robinson
N00028637,JamesDunnMathis
N00028638,Dee Hodges
N00028639,Urbach, D
N00028640,PaulJosephSpause
N00028640,PaulJosephSpause
N00028642,EugeniaKorsakOrdynsky
N00028643,David Trudil
N00028644,John Hoffert
N00028645,MichaelMosheStarkman
N00028646,Joseph Krysztoforski
N00028647,Robert Kozak
N00028648,Don Toker
N00028649,Gus Alzona
N00028650,Jeffrey Stein
N00028651,Gavin Sullivan
N00028652,AndrewVincentFavorite
N00028653,Patrick Wiles
N00028654,Ken Lucier
N00028655,LeighAnnBellew
N00028656,Thomas Raleigh
N00028657,Nathan Noy
N00028658,Edmund Leather
N00028659,Jonathan Scott
N00028660,Kenneth Capalbo
N00028661,Andre Peery
N00028662,BarbaraJeanPryor
N00028663,Neeraj Nigam
N00028664,LarryWayneIshmael
N00028665,Mike Hebert
N00028666,Perfecto Rivera
N00028667,Bob Levis
N00028668,KennethRoyGoldstein
N00028669,PhillipWayneMorrow
N00028670,Richard Mack
N00028671,JohnDanielMertens
N00028672,Gerald Coffee
N00028673,MarkStantonBeatty
N00028674,James Hutchinson
N00028675,Thomas McCaskill
N00028676,Bob Robinson
N00028677,Theresa Scaldaferri
N00010701,Joseph Werner
N00028679,EdwardRaymondMadej
N00028680,Daniel Muffoletto
N00028681,Richard Shawver
N00028682,Daniel(WigMan)Vovak
N00028683,Miles Collins
N00028684,Stephen Williams
N00028685,Ben Powers
N00028686,MichaelJamesCavlan
N00028687,Louis Thabault
N00028688,Robin Adair
N00028689,Ben Glatzel
N00013477,Gregg Iverson
N00011223,Werner Lange
N00025706,Anthony Jaworski
N00008502,Lih Young
N00001823,John Kimble
N00013563,Darryl Stanton
N00013532,Howie Hawkins
N00000519,Pete Diamondstone
N00008863,Ben Masel
N00028798,Daniel Sumrall
N00005660,Victor Morales
N00006103,Tom Tancredo
